device,Категория длительности,сессий,"среднее, мин","медиана, мин"
Android,низкая,41,4.853658536585366,5.0
Android,средняя,93,22.322580645161292,22.0
Android,высокая,51,67.43137254901961,61.0
Mac,низкая,59,5.11864406779661,6.0
Mac,средняя,133,22.729323308270676,20.0
Mac,высокая,52,67.78846153846153,62.5
PC,низкая,26,4.153846153846154,3.0
PC,средняя,49,22.020408163265305,20.0
PC,высокая,28,69.53571428571429,63.0
Unknown,средняя,1,22.0,22.0
iPhone,низкая,117,4.213675213675214,4.0
iPhone,средняя,209,23.645933014354068,22.0
iPhone,высокая,95,69.16842105263157,62.0
