user_id,region,device,channel,session_start,session_end,time_session,click_count,buy_count,price,age
278965908054,United States,iPhone,organic,2019-05-01 04:46:00,2019-05-01 04:47:00,1,0,0,0.0,31
244878945432,United States,Mac,organic,2019-05-01 16:44:00,2019-05-01 16:45:00,1,0,0,0.0,40
590706206550,United States,Mac,organic,2019-05-01 14:09:00,2019-05-01 15:32:00,83,28,6,14570.0,50
326433527971,United States,Android,TipTop,2019-05-01 00:29:00,2019-05-01 00:54:00,25,8,3,4411.0,38
349773784594,United States,Mac,organic,2019-05-01 03:33:00,2019-05-01 03:57:00,24,8,3,4411.0,63
90242400005,United States,Android,organic,2019-05-01 09:03:00,2019-05-01 10:08:00,65,22,4,11310.0,62
43958116050,United States,iPhone,organic,2019-05-01 09:37:00,2019-05-01 10:00:00,23,8,3,4411.0,60
15174034813,United States,Mac,organic,2019-05-01 13:33:00,2019-05-01 13:35:00,2,0,0,0.0,12
446013509831,United States,iPhone,organic,2019-05-01 14:44:00,2019-05-01 15:41:00,57,19,4,9872.0,52
100970711362,United States,Mac,FaceBoom,2019-05-01 06:20:00,2019-05-01 06:54:00,34,12,3,6326.0,25
23110169785,United States,iPhone,organic,2019-05-01 11:29:00,2019-05-01 11:31:00,2,0,0,0.0,27
370455852550,United States,iPhone,MediaTornado,2019-05-01 14:01:00,2019-05-01 14:29:00,28,10,3,5369.0,27
784885401335,Russia,iPhone,TipTop,2019-05-01 22:40:00,2019-05-01 22:41:00,1,0,0,0.0,31
619068889591,Russia,PC,FaceBoom,2019-05-01 20:14:00,2019-05-01 20:16:00,2,0,0,0.0,21
774938424092,Russia,Mac,organic,2019-05-01 17:06:00,2019-05-01 18:05:00,59,20,4,10352.0,28
762505039443,Russia,Android,organic,2019-05-01 23:30:00,2019-05-01 23:30:00,0,0,0,0.0,36
355761474010,Russia,iPhone,FaceBoom,2019-05-01 11:03:00,2019-05-01 11:05:00,2,0,0,0.0,30
221611265998,Russia,iPhone,organic,2019-05-01 00:19:00,2019-05-01 00:20:00,1,0,0,0.0,65
57218022811,Russia,iPhone,organic,2019-05-01 15:13:00,2019-05-01 15:15:00,2,0,0,0.0,53
88533696308,Russia,iPhone,organic,2019-05-01 12:26:00,2019-05-01 12:28:00,2,0,0,0.0,61
550401780667,Russia,iPhone,organic,2019-05-01 00:58:00,2019-05-01 01:00:00,2,0,0,0.0,23
905776368309,Russia,iPhone,organic,2019-05-01 04:29:00,2019-05-01 04:59:00,30,10,3,5369.0,44
482296270341,Russia,PC,organic,2019-05-01 18:09:00,2019-05-01 19:43:00,94,32,6,16485.0,24
342079667879,United States,PC,organic,2019-05-01 14:50:00,2019-05-01 14:52:00,2,0,0,0.0,53
188246423999,United States,iPhone,TipTop,2019-05-01 13:25:00,2019-05-01 14:39:00,74,25,5,12940.0,20
529448786586,United States,Android,TipTop,2019-05-01 17:32:00,2019-05-01 17:34:00,2,0,0,0.0,32
171015605853,United States,iPhone,organic,2019-05-01 18:17:00,2019-05-01 18:50:00,33,12,3,6326.0,27
237641018732,United States,iPhone,TipTop,2019-05-01 17:06:00,2019-05-01 17:07:00,1,0,0,0.0,52
563779032041,United States,iPhone,TipTop,2019-05-01 15:25:00,2019-05-01 15:26:00,1,0,0,0.0,20
267662454111,United States,iPhone,organic,2019-05-01 05:40:00,2019-05-01 05:42:00,2,0,0,0.0,24
716674228947,United States,Mac,organic,2019-05-01 16:32:00,2019-05-01 17:30:00,58,20,4,10352.0,26
678430784025,United States,Android,organic,2019-05-01 19:25:00,2019-05-01 19:26:00,1,0,0,0.0,63
283009755609,United States,PC,organic,2019-05-01 00:29:00,2019-05-01 02:46:00,137,46,8,23577.0,27
750734101231,Unknown,iPhone,MediaTornado,2019-05-01 07:57:00,2019-05-01 08:22:00,25,8,3,4411.0,54
222125642245,United States,Android,FaceBoom,2019-05-01 05:26:00,2019-05-01 05:28:00,2,0,0,0.0,36
535534516579,United States,PC,organic,2019-05-01 06:02:00,2019-05-01 06:02:00,0,0,0,0.0,51
928482821528,United States,iPhone,MediaTornado,2019-05-01 18:27:00,2019-05-01 18:29:00,2,0,0,0.0,53
475326764919,United States,iPhone,organic,2019-05-01 15:32:00,2019-05-01 16:08:00,36,12,3,6327.0,51
897474157583,United States,iPhone,FaceBoom,2019-05-01 20:47:00,2019-05-01 20:48:00,1,0,0,0.0,51
181066576860,Russia,PC,organic,2019-05-01 13:51:00,2019-05-01 15:00:00,69,24,5,12460.0,34
474185364793,Russia,Mac,TipTop,2019-05-01 22:44:00,2019-05-01 23:11:00,27,9,3,4889.0,34
652359044218,Russia,Mac,TipTop,2019-05-01 16:18:00,2019-05-01 16:19:00,1,0,0,0.0,43
134473754632,Russia,iPhone,MediaTornado,2019-05-02 21:56:00,2019-05-02 21:58:00,2,0,0,0.0,48
901643712689,Russia,Android,organic,2019-05-01 13:37:00,2019-05-01 14:22:00,45,15,3,7764.0,43
222900190020,Russia,Mac,TipTop,2019-05-01 04:55:00,2019-05-01 05:24:00,29,10,3,5369.0,40
602733336431,Russia,Mac,organic,2019-05-02 04:17:00,2019-05-02 04:19:00,2,0,0,0.0,34
8356573095,Russia,Android,TipTop,2019-05-02 14:26:00,2019-05-02 14:27:00,1,0,0,0.0,64
907001920081,Russia,Android,organic,2019-05-01 14:03:00,2019-05-01 14:42:00,39,13,3,6806.0,48
542201616700,United States,iPhone,organic,2019-05-02 23:44:00,2019-05-02 23:45:00,1,0,0,0.0,35
129100331057,United States,iPhone,organic,2019-05-02 07:07:00,2019-05-02 07:08:00,1,0,0,0.0,63
152152093902,United States,Android,TipTop,2019-05-01 13:22:00,2019-05-01 14:31:00,69,24,5,12460.0,40
293820189249,United States,Android,organic,2019-05-01 11:09:00,2019-05-01 13:03:00,114,39,7,20031.0,59
993950151533,United States,iPhone,TipTop,2019-05-02 12:32:00,2019-05-02 12:34:00,2,0,0,0.0,43
341232428147,United States,iPhone,organic,2019-05-02 07:15:00,2019-05-02 07:17:00,2,0,0,0.0,46
668161818208,United States,PC,organic,2019-05-02 02:24:00,2019-05-02 02:26:00,2,0,0,0.0,57
951926617352,United States,Android,organic,2019-05-02 02:54:00,2019-05-02 02:56:00,2,0,0,0.0,28
645681897253,United States,PC,TipTop,2019-05-01 18:27:00,2019-05-01 19:08:00,41,14,3,7284.0,49
480560185060,United States,Mac,FaceBoom,2019-05-01 13:34:00,2019-05-01 14:16:00,42,14,3,7284.0,30
801953773856,United States,iPhone,TipTop,2019-05-02 04:29:00,2019-05-02 04:30:00,1,0,0,0.0,62
780107523082,United States,PC,FaceBoom,2019-05-02 23:26:00,2019-05-02 23:28:00,2,0,0,0.0,46
304103731692,United States,Mac,FaceBoom,2019-05-01 12:13:00,2019-05-01 12:44:00,31,10,3,5369.0,53
414095973733,United States,Android,TipTop,2019-05-02 14:36:00,2019-05-02 14:37:00,1,0,0,0.0,58
282497328213,United States,iPhone,organic,2019-05-01 23:25:00,2019-05-01 23:49:00,24,8,3,4411.0,36
213778870965,United States,iPhone,organic,2019-05-02 14:22:00,2019-05-02 14:23:00,1,0,0,0.0,29
639353625408,United States,PC,organic,2019-05-01 14:34:00,2019-05-01 15:19:00,45,15,3,7764.0,32
593558183722,Russia,Android,organic,2019-05-01 07:29:00,2019-05-01 08:22:00,53,18,4,9394.0,28
226504059659,Russia,Android,FaceBoom,2019-05-01 16:07:00,2019-05-01 16:44:00,37,12,3,6327.0,18
179084656995,Russia,Mac,organic,2019-05-02 20:16:00,2019-05-02 20:17:00,1,0,0,0.0,40
263748315237,Russia,iPhone,organic,2019-05-01 18:13:00,2019-05-01 18:58:00,45,15,3,7764.0,24
328377059361,Russia,Android,organic,2019-05-01 08:29:00,2019-05-01 09:01:00,32,11,3,5847.0,47
296302642742,Russia,iPhone,MediaTornado,2019-05-01 10:46:00,2019-05-01 11:44:00,58,20,4,10352.0,57
184810238480,Russia,iPhone,organic,2019-05-02 23:07:00,2019-05-02 23:08:00,1,0,0,0.0,65
398456731916,Russia,iPhone,MediaTornado,2019-05-02 20:14:00,2019-05-02 20:15:00,1,0,0,0.0,50
908247485112,Russia,iPhone,organic,2019-05-02 18:58:00,2019-05-02 18:58:00,0,0,0,0.0,41
10404332026,Russia,Mac,organic,2019-05-02 05:51:00,2019-05-02 05:53:00,2,0,0,0.0,26
751283623222,Russia,Android,organic,2019-05-02 03:43:00,2019-05-02 03:44:00,1,0,0,0.0,61
518171493136,Russia,Android,FaceBoom,2019-05-02 05:40:00,2019-05-02 05:41:00,1,0,0,0.0,36
182240325348,Russia,iPhone,organic,2019-05-02 10:44:00,2019-05-02 10:46:00,2,0,0,0.0,21
923784264602,Russia,Android,TipTop,2019-05-01 07:33:00,2019-05-01 09:24:00,111,37,7,19073.0,62
638584367534,United States,Mac,organic,2019-05-02 03:44:00,2019-05-02 03:45:00,1,0,0,0.0,46
591410541083,United States,Mac,organic,2019-05-01 11:11:00,2019-05-01 11:39:00,28,10,3,5369.0,60
819045144139,United States,PC,organic,2019-05-02 18:48:00,2019-05-02 18:49:00,1,0,0,0.0,57
897340954083,United States,Android,organic,2019-05-02 07:50:00,2019-05-02 07:51:00,1,0,0,0.0,51
934346426729,United States,iPhone,organic,2019-05-02 05:39:00,2019-05-02 05:40:00,1,0,0,0.0,38
381232762069,United States,Mac,organic,2019-05-02 04:25:00,2019-05-02 04:25:00,0,0,0,0.0,30
998143981124,United States,Android,FaceBoom,2019-05-01 07:14:00,2019-05-01 07:59:00,45,15,3,7764.0,42
465195473417,United States,iPhone,organic,2019-05-02 09:02:00,2019-05-02 09:03:00,1,0,0,0.0,44
579576843349,United States,PC,organic,2019-05-01 21:43:00,2019-05-01 22:48:00,65,22,4,11310.0,20
833721227206,United States,Mac,TipTop,2019-05-01 12:59:00,2019-05-01 13:31:00,32,11,3,5847.0,33
9212743938,United States,Android,organic,2019-05-01 22:48:00,2019-05-02 00:11:00,83,28,6,14570.0,38
648972875590,United States,iPhone,organic,2019-05-01 12:34:00,2019-05-01 13:33:00,59,20,4,10352.0,62
50527299863,United States,Mac,organic,2019-05-02 04:21:00,2019-05-02 04:23:00,2,0,0,0.0,35
219567329114,United States,Mac,organic,2019-05-02 17:06:00,2019-05-02 17:08:00,2,0,0,0.0,30
889080147332,United States,iPhone,organic,2019-05-01 20:10:00,2019-05-01 20:47:00,37,12,3,6327.0,41
45542906349,United States,Mac,organic,2019-05-02 15:07:00,2019-05-02 15:08:00,1,0,0,0.0,44
499674771741,United States,iPhone,MediaTornado,2019-05-01 02:52:00,2019-05-01 03:50:00,58,20,4,10352.0,34
173040395850,United States,PC,organic,2019-05-02 08:07:00,2019-05-02 08:09:00,2,0,0,0.0,25
239371579771,United States,iPhone,organic,2019-05-02 10:09:00,2019-05-02 10:09:00,0,0,0,0.0,49
478420005909,United States,iPhone,organic,2019-05-02 00:05:00,2019-05-02 00:07:00,2,0,0,0.0,55
560540298561,United States,Mac,organic,2019-05-02 17:36:00,2019-05-02 17:36:00,0,0,0,0.0,45
68752468250,United States,Mac,FaceBoom,2019-05-02 01:11:00,2019-05-02 01:13:00,2,0,0,0.0,48
426699187791,United States,Mac,organic,2019-05-01 12:03:00,2019-05-01 13:13:00,70,24,5,12460.0,42
587083256965,United States,iPhone,organic,2019-05-02 15:19:00,2019-05-02 15:20:00,1,0,0,0.0,39
707990438602,Russia,Mac,organic,2019-05-01 19:40:00,2019-05-01 20:17:00,37,12,3,6327.0,21
720111225156,Russia,PC,TipTop,2019-05-01 18:56:00,2019-05-01 20:15:00,79,27,5,13898.0,42
805879728542,Russia,PC,organic,2019-05-02 11:44:00,2019-05-02 11:44:00,0,0,0,0.0,43
253428566255,Russia,iPhone,FaceBoom,2019-05-01 11:58:00,2019-05-01 12:22:00,24,8,3,4411.0,34
590648903855,Russia,Mac,organic,2019-05-01 08:35:00,2019-05-01 09:32:00,57,19,4,9872.0,22
855379781425,Russia,Mac,FaceBoom,2019-05-01 19:18:00,2019-05-01 19:46:00,28,10,3,5369.0,48
624062538715,Russia,iPhone,FaceBoom,2019-05-02 11:47:00,2019-05-02 11:48:00,1,0,0,0.0,43
334225002076,Russia,iPhone,TipTop,2019-05-02 05:26:00,2019-05-02 05:27:00,1,0,0,0.0,23
885166962934,Russia,PC,organic,2019-05-02 23:20:00,2019-05-02 23:22:00,2,0,0,0.0,40
822775213010,United States,Android,FaceBoom,2019-05-01 15:34:00,2019-05-01 16:15:00,41,14,3,7284.0,46
379285585609,United States,iPhone,FaceBoom,2019-05-01 13:59:00,2019-05-01 15:04:00,65,22,4,11310.0,34
875804931961,United States,iPhone,organic,2019-05-01 06:03:00,2019-05-01 07:36:00,93,32,6,16485.0,56
829235466281,United States,iPhone,organic,2019-05-01 06:56:00,2019-05-01 07:25:00,29,10,3,5369.0,34
700534996463,United States,iPhone,TipTop,2019-05-02 16:00:00,2019-05-02 16:01:00,1,0,0,0.0,51
324636423117,United States,Mac,organic,2019-05-02 00:03:00,2019-05-02 00:03:00,0,0,0,0.0,37
119151377495,United States,iPhone,organic,2019-05-03 10:35:00,2019-05-03 10:36:00,1,0,0,0.0,29
500111330219,United States,iPhone,TipTop,2019-05-03 11:37:00,2019-05-03 11:38:00,1,0,0,0.0,50
652305234247,United States,iPhone,organic,2019-05-01 15:23:00,2019-05-01 15:58:00,35,12,3,6327.0,11
350235853322,United States,Mac,organic,2019-05-01 02:03:00,2019-05-01 03:07:00,64,22,4,11310.0,56
946239768828,United States,Mac,FaceBoom,2019-05-03 00:55:00,2019-05-03 00:55:00,0,0,0,0.0,35
301452416860,United States,iPhone,TipTop,2019-05-01 19:18:00,2019-05-01 20:53:00,95,32,6,16486.0,29
244714600577,United States,iPhone,TipTop,2019-05-03 19:18:00,2019-05-03 19:19:00,1,0,0,0.0,33
312249310635,United States,iPhone,FaceBoom,2019-05-01 15:22:00,2019-05-01 16:24:00,62,21,4,10830.0,42
226868412926,United States,Android,FaceBoom,2019-05-01 03:39:00,2019-05-01 04:25:00,46,15,3,7764.0,49
507386848514,Russia,iPhone,FaceBoom,2019-05-03 23:08:00,2019-05-03 23:10:00,2,0,0,0.0,45
79845359872,Russia,iPhone,MediaTornado,2019-05-04 21:16:00,2019-05-04 21:18:00,2,0,0,0.0,31
719154454815,Russia,iPhone,TipTop,2019-05-01 11:05:00,2019-05-01 11:45:00,40,14,3,7284.0,32
319939546352,Russia,iPhone,organic,2019-05-01 02:37:00,2019-05-01 04:15:00,98,34,7,17636.0,34
366000285810,Russia,Android,organic,2019-05-01 10:32:00,2019-05-01 11:33:00,61,20,4,10352.0,17
808504763381,Russia,iPhone,organic,2019-05-04 20:41:00,2019-05-04 20:41:00,0,0,0,0.0,20
614500259368,United States,Mac,organic,2019-05-01 23:05:00,2019-05-01 23:34:00,29,10,3,5369.0,33
612902101251,United States,PC,TipTop,2019-05-01 23:59:00,2019-05-02 00:02:00,3,1,0,0.0,36
898370108164,United States,iPhone,organic,2019-05-01 21:01:00,2019-05-01 21:36:00,35,12,3,6327.0,59
950345794378,United States,PC,organic,2019-05-01 09:32:00,2019-05-01 10:08:00,36,12,3,6327.0,46
593213691105,United States,iPhone,organic,2019-05-01 19:43:00,2019-05-01 20:41:00,58,20,4,10352.0,26
123913251438,United States,iPhone,MediaTornado,2019-05-01 14:57:00,2019-05-01 15:00:00,3,1,0,0.0,54
74962485576,United States,iPhone,TipTop,2019-05-01 04:15:00,2019-05-01 04:18:00,3,1,0,0.0,40
841345352947,United States,iPhone,TipTop,2019-05-01 02:53:00,2019-05-01 02:56:00,3,1,0,0.0,61
663528813914,United States,Android,organic,2019-05-01 17:28:00,2019-05-01 17:31:00,3,1,0,0.0,35
206727396173,United States,Mac,organic,2019-05-01 19:19:00,2019-05-01 19:22:00,3,1,0,0.0,47
186113586976,United States,PC,organic,2019-05-01 23:54:00,2019-05-02 00:44:00,50,17,3,8722.0,29
212367762386,United States,Mac,organic,2019-05-01 04:56:00,2019-05-01 04:59:00,3,1,0,0.0,28
490075705982,United States,PC,organic,2019-05-01 14:50:00,2019-05-01 16:51:00,121,41,7,20989.0,52
192978611060,United States,PC,organic,2019-05-01 12:57:00,2019-05-01 13:00:00,3,1,0,0.0,34
521996218750,United States,iPhone,FaceBoom,2019-05-01 02:17:00,2019-05-01 02:20:00,3,1,0,0.0,26
785256088997,United States,Mac,organic,2019-05-01 15:56:00,2019-05-01 17:07:00,71,24,5,12460.0,56
896258560471,United States,iPhone,FaceBoom,2019-05-01 08:21:00,2019-05-01 08:24:00,3,1,0,0.0,39
29144643737,United States,PC,organic,2019-05-01 21:18:00,2019-05-01 21:21:00,3,1,0,0.0,24
690796884942,United States,Mac,organic,2019-05-01 23:31:00,2019-05-02 00:07:00,36,12,3,6327.0,37
451960316004,United States,PC,organic,2019-05-02 03:11:00,2019-05-02 03:14:00,3,1,0,0.0,29
251466277788,United States,Android,TipTop,2019-05-01 21:50:00,2019-05-01 22:35:00,45,15,3,7764.0,41
682777048545,United States,iPhone,organic,2019-05-02 18:44:00,2019-05-02 18:47:00,3,1,0,0.0,42
751165176839,United States,iPhone,TipTop,2019-05-01 20:57:00,2019-05-01 21:49:00,52,17,3,8722.0,46
275506645003,United States,iPhone,TipTop,2019-05-02 08:15:00,2019-05-02 08:18:00,3,1,0,0.0,35
231249481635,United States,iPhone,TipTop,2019-05-02 21:14:00,2019-05-02 21:17:00,3,1,0,0.0,43
621659314850,United States,PC,organic,2019-05-02 05:35:00,2019-05-02 05:38:00,3,1,0,0.0,33
103677291144,United States,iPhone,MediaTornado,2019-05-02 21:24:00,2019-05-02 21:27:00,3,1,0,0.0,30
433559415234,United States,iPhone,organic,2019-05-01 19:24:00,2019-05-01 20:51:00,87,29,6,15048.0,31
749289365020,United States,Android,organic,2019-05-01 21:40:00,2019-05-01 22:44:00,64,22,4,11310.0,62
208966545544,United States,iPhone,organic,2019-05-02 02:33:00,2019-05-02 02:36:00,3,1,0,0.0,21
382310304597,United States,iPhone,FaceBoom,2019-05-01 00:35:00,2019-05-01 02:07:00,92,31,6,16006.0,28
515414286077,United States,iPhone,organic,2019-05-02 15:53:00,2019-05-02 15:56:00,3,1,0,0.0,40
28798562666,United States,Mac,organic,2019-05-02 06:25:00,2019-05-02 06:28:00,3,1,0,0.0,34
482924173981,United States,Mac,organic,2019-05-02 01:08:00,2019-05-02 01:11:00,3,1,0,0.0,37
682831730517,United States,iPhone,MediaTornado,2019-05-02 08:36:00,2019-05-02 08:39:00,3,1,0,0.0,57
147277669713,United States,Mac,organic,2019-05-02 23:25:00,2019-05-02 23:28:00,3,1,0,0.0,31
499159390639,United States,iPhone,organic,2019-05-02 07:04:00,2019-05-02 07:07:00,3,1,0,0.0,40
888974742187,United States,Android,FaceBoom,2019-05-01 20:22:00,2019-05-01 21:23:00,61,20,4,10352.0,23
352646617421,United States,iPhone,TipTop,2019-05-02 08:06:00,2019-05-02 08:09:00,3,1,0,0.0,57
970636533965,United States,Android,FaceBoom,2019-05-02 15:14:00,2019-05-02 15:17:00,3,1,0,0.0,18
738227732207,United States,iPhone,organic,2019-05-01 03:37:00,2019-05-01 04:11:00,34,12,3,6326.0,65
631281582293,United States,iPhone,organic,2019-05-03 00:55:00,2019-05-03 00:58:00,3,1,0,0.0,53
137884931773,United States,Mac,TipTop,2019-05-03 23:03:00,2019-05-03 23:06:00,3,1,0,0.0,55
946621374238,United States,iPhone,FaceBoom,2019-05-03 13:42:00,2019-05-03 13:45:00,3,1,0,0.0,29
230426630090,United States,PC,organic,2019-05-01 00:25:00,2019-05-01 01:36:00,71,24,5,12460.0,16
275686335511,United States,PC,organic,2019-05-01 09:48:00,2019-05-01 10:16:00,28,10,3,5369.0,25
498607736711,United States,Mac,organic,2019-05-01 01:54:00,2019-05-01 02:31:00,37,12,3,6327.0,36
715370223079,United States,PC,organic,2019-05-01 19:34:00,2019-05-01 19:39:00,5,2,0,0.0,57
778027854258,United States,Android,organic,2019-05-01 00:59:00,2019-05-01 01:53:00,54,18,4,9394.0,51
630970140707,United States,iPhone,organic,2019-05-01 18:16:00,2019-05-01 18:53:00,37,12,3,6327.0,30
620325844642,United States,iPhone,organic,2019-05-01 13:49:00,2019-05-01 13:53:00,4,2,1,1151.0,25
209521475364,United States,iPhone,TipTop,2019-05-01 22:08:00,2019-05-01 23:11:00,63,22,4,11310.0,24
532980536518,United States,iPhone,organic,2019-05-01 08:45:00,2019-05-01 10:03:00,78,27,5,13897.0,43
465808345084,United States,Mac,organic,2019-05-01 17:53:00,2019-05-01 18:00:00,7,2,1,2151.0,27
569999841108,United States,iPhone,organic,2019-05-01 12:38:00,2019-05-01 13:02:00,24,8,3,4411.0,46
670368590918,United States,Android,TipTop,2019-05-01 00:32:00,2019-05-01 00:38:00,6,2,1,3454.0,30
961081607337,United States,Android,organic,2019-05-01 11:36:00,2019-05-01 11:40:00,4,2,1,4545.0,49
692718872746,United States,iPhone,TipTop,2019-05-01 13:46:00,2019-05-01 13:51:00,5,2,1,1151.0,58
582647608512,United States,iPhone,TipTop,2019-05-01 00:52:00,2019-05-01 00:58:00,6,2,1,4545.0,26
71021174060,United States,iPhone,FaceBoom,2019-05-01 09:05:00,2019-05-01 09:34:00,29,10,3,5369.0,57
5400720363,United States,Mac,organic,2019-05-01 13:43:00,2019-05-01 14:36:00,53,18,4,9394.0,40
187105720098,United States,Mac,organic,2019-05-01 06:18:00,2019-05-01 07:06:00,48,17,3,8722.0,32
867425351070,United States,iPhone,organic,2019-05-01 11:39:00,2019-05-01 11:43:00,4,2,1,1151.0,37
134726461643,United States,Mac,organic,2019-05-01 08:25:00,2019-05-01 10:20:00,115,39,7,20031.0,22
780416972417,United States,Android,organic,2019-05-01 02:06:00,2019-05-01 02:36:00,30,10,3,5369.0,52
942331306058,United States,iPhone,organic,2019-05-01 05:28:00,2019-05-01 05:33:00,5,2,1,656.0,36
419588268806,United States,Android,organic,2019-05-01 00:14:00,2019-05-01 00:21:00,7,2,1,656.0,44
327927279217,United States,iPhone,organic,2019-05-01 08:44:00,2019-05-01 09:16:00,32,11,3,5847.0,38
774753916215,United States,iPhone,MediaTornado,2019-05-01 23:47:00,2019-05-01 23:52:00,5,2,1,656.0,32
460012973454,United States,Mac,organic,2019-05-01 18:46:00,2019-05-01 18:52:00,6,2,1,566.0,25
806956823514,United States,Android,organic,2019-05-01 10:13:00,2019-05-01 10:17:00,4,2,1,1151.0,45
556697298832,United States,iPhone,MediaTornado,2019-05-01 22:21:00,2019-05-01 22:25:00,4,2,1,563.0,31
53439561970,United States,iPhone,FaceBoom,2019-05-01 09:05:00,2019-05-01 09:12:00,7,2,1,35.0,56
498245575443,United States,iPhone,organic,2019-05-01 19:07:00,2019-05-01 19:12:00,5,2,1,1151.0,53
222737942966,United States,iPhone,organic,2019-05-01 06:39:00,2019-05-01 07:40:00,61,20,4,10352.0,32
783308152580,United States,iPhone,organic,2019-05-01 18:36:00,2019-05-01 18:43:00,7,2,1,243.0,45
271551316636,United States,Android,organic,2019-05-01 22:44:00,2019-05-01 22:50:00,6,2,1,3456.0,54
937861123688,United States,iPhone,organic,2019-05-01 06:44:00,2019-05-01 06:49:00,5,2,1,3546.0,30
909283513307,United States,PC,organic,2019-05-01 22:05:00,2019-05-01 22:10:00,5,2,1,345.0,61
42863467142,United States,Android,organic,2019-05-01 17:38:00,2019-05-01 18:10:00,32,11,3,5847.0,20
329324266229,United States,PC,organic,2019-05-01 20:56:00,2019-05-01 21:02:00,6,2,1,2456.0,58
816213653738,United States,iPhone,organic,2019-05-01 19:07:00,2019-05-01 19:13:00,6,2,1,1151.0,43
817725146225,United States,Mac,organic,2019-05-01 10:40:00,2019-05-01 10:47:00,7,2,1,435.0,33
812819568106,United States,Mac,FaceBoom,2019-05-01 06:54:00,2019-05-01 07:00:00,6,2,1,3465.0,50
593558183722,United States,Mac,organic,2019-05-01 20:44:00,2019-05-01 20:50:00,6,2,1,435.0,20
231860733762,United States,iPhone,MediaTornado,2019-05-01 04:55:00,2019-05-01 05:18:00,23,8,3,4411.0,46
267662454111,United States,iPhone,TipTop,2019-05-01 13:58:00,2019-05-01 14:03:00,5,2,1,435.0,32
542201616700,United States,iPhone,MediaTornado,2019-05-02 21:01:00,2019-05-02 21:08:00,7,2,1,1151.0,31
186113586976,United States,iPhone,TipTop,2019-05-02 06:30:00,2019-05-02 06:36:00,6,2,1,465.0,55
801953773856,United States,Android,MediaTornado,2019-05-02 01:22:00,2019-05-02 01:26:00,4,2,1,466.0,49
184810238480,United States,Android,TipTop,2019-05-02 23:53:00,2019-05-02 23:57:00,4,2,1,564.0,31
327927279217,United States,Android,organic,2019-05-02 19:30:00,2019-05-02 19:36:00,6,2,1,4646.0,37
434198630691,United States,Mac,TipTop,2019-05-02 05:06:00,2019-05-02 05:12:00,6,2,1,1151.0,55
897340954083,United States,Android,TipTop,2019-05-02 13:53:00,2019-05-02 13:58:00,5,2,1,3456.0,56
968223987665,United States,Mac,FaceBoom,2019-05-02 19:41:00,2019-05-02 19:46:00,5,2,1,453.0,56
468826602854,United States,iPhone,organic,2019-05-02 17:38:00,2019-05-02 17:43:00,5,2,1,135.0,14
382063864734,United States,Mac,organic,2019-05-02 15:08:00,2019-05-02 15:14:00,6,2,1,4567.0,29
7018967756,United States,iPhone,FaceBoom,2019-05-01 20:25:00,2019-05-01 21:07:00,42,14,3,7284.0,22
599422537839,United States,Mac,FaceBoom,2019-05-01 20:16:00,2019-05-01 20:43:00,27,9,3,4889.0,32
46064941012,United States,iPhone,organic,2019-05-01 21:21:00,2019-05-01 22:45:00,84,29,6,15048.0,20
919048214567,United States,PC,FaceBoom,2019-05-01 08:46:00,2019-05-01 09:19:00,33,12,3,6326.0,37
321036182822,United States,Mac,organic,2019-05-01 15:37:00,2019-05-01 16:11:00,34,12,3,6326.0,45
611752998439,United States,iPhone,organic,2019-05-02 00:42:00,2019-05-02 00:48:00,6,2,1,3546.0,17
380565507824,United States,Android,FaceBoom,2019-05-01 16:47:00,2019-05-01 17:40:00,53,18,4,9394.0,36
224182758260,United States,Android,organic,2019-05-02 12:55:00,2019-05-02 13:00:00,5,2,1,579.0,29
924026632464,United States,PC,organic,2019-05-01 10:28:00,2019-05-01 10:53:00,25,8,3,4411.0,20
831718362733,United States,iPhone,organic,2019-05-02 06:18:00,2019-05-02 06:23:00,5,2,1,3544.0,58
273492669498,United States,iPhone,organic,2019-05-02 00:00:00,2019-05-02 00:04:00,4,2,1,435.0,39
872148430066,United States,iPhone,FaceBoom,2019-05-02 13:37:00,2019-05-02 13:44:00,7,2,1,4546.0,36
617662056007,United States,iPhone,organic,2019-05-01 08:56:00,2019-05-01 09:42:00,46,15,3,7764.0,37
206499654109,United States,iPhone,organic,2019-05-01 07:16:00,2019-05-01 08:15:00,59,20,4,10352.0,51
426072091220,United States,Mac,organic,2019-05-02 22:26:00,2019-05-02 22:30:00,4,2,1,23434.0,50
555066228147,United States,iPhone,organic,2019-05-02 01:40:00,2019-05-02 01:46:00,6,2,1,2343.0,64
997723904855,United States,Mac,organic,2019-05-01 22:55:00,2019-05-01 23:34:00,39,13,3,6806.0,49
192788188996,United States,iPhone,organic,2019-05-02 11:04:00,2019-05-02 11:10:00,6,2,1,1234.0,38
769054031523,United States,PC,organic,2019-05-01 16:42:00,2019-05-01 17:06:00,24,8,3,4411.0,30
762955091588,United States,Android,MediaTornado,2019-05-01 03:45:00,2019-05-01 04:09:00,24,8,3,4411.0,50
143120632908,United States,Android,organic,2019-05-02 01:39:00,2019-05-02 01:46:00,7,2,1,1356.0,46
344854525786,United States,Mac,organic,2019-05-01 13:08:00,2019-05-01 14:41:00,93,32,6,16485.0,21
213379210527,United States,Mac,MediaTornado,2019-05-01 02:26:00,2019-05-01 03:06:00,40,14,3,7284.0,34
468826602854,United States,iPhone,FaceBoom,2019-05-01 02:32:00,2019-05-01 03:46:00,74,25,5,12940.0,22
779599518467,United States,iPhone,FaceBoom,2019-05-01 18:19:00,2019-05-01 18:46:00,27,9,3,4889.0,38
382063864734,United States,iPhone,MediaTornado,2019-05-01 05:06:00,2019-05-01 05:50:00,44,15,3,7764.0,27
451515365818,United States,Mac,FaceBoom,2019-05-01 23:46:00,2019-05-02 01:20:00,94,32,6,16485.0,44
899651216018,United States,iPhone,FaceBoom,2019-05-02 05:54:00,2019-05-02 05:58:00,4,2,1,1151.0,56
583592836012,United States,Mac,FaceBoom,2019-05-02 14:04:00,2019-05-02 14:09:00,5,2,1,1151.0,24
910963353776,United States,iPhone,FaceBoom,2019-05-02 19:12:00,2019-05-02 19:17:00,5,2,1,1151.0,33
206727396173,United States,PC,FaceBoom,2019-05-02 20:22:00,2019-05-02 20:29:00,7,2,1,2445.0,31
462972854783,United States,Mac,organic,2019-05-02 07:50:00,2019-05-02 07:57:00,7,2,1,10.0,37
324306427447,United States,Mac,organic,2019-05-02 03:25:00,2019-05-02 03:30:00,5,2,1,345.0,36
238255443220,United States,iPhone,TipTop,2019-05-01 21:30:00,2019-05-01 22:18:00,48,17,3,8722.0,20
64474110919,United States,iPhone,FaceBoom,2019-05-01 21:11:00,2019-05-01 21:36:00,25,8,3,4411.0,20
617323524756,United States,Android,TipTop,2019-05-01 12:11:00,2019-05-01 12:58:00,47,16,3,8242.0,31
428769597608,United States,iPhone,FaceBoom,2019-05-02 21:22:00,2019-05-02 21:28:00,6,2,1,34.0,34
927823413821,United States,iPhone,TipTop,2019-05-01 21:53:00,2019-05-01 23:36:00,103,35,7,18116.0,47
618859414270,United States,iPhone,organic,2019-05-02 08:32:00,2019-05-02 08:36:00,4,2,1,1151.0,59
446313863738,United States,PC,TipTop,2019-05-01 11:00:00,2019-05-01 11:28:00,28,10,3,5369.0,49
961081607337,United States,Mac,organic,2019-05-02 08:00:00,2019-05-02 08:07:00,7,2,1,23.0,43
276895975067,United States,PC,organic,2019-05-01 22:05:00,2019-05-01 23:15:00,70,24,5,12460.0,54
268756360170,United States,Android,organic,2019-05-02 12:14:00,2019-05-02 12:18:00,4,2,1,3435.0,44
582647608512,United States,Android,organic,2019-05-02 22:48:00,2019-05-02 22:54:00,6,2,1,1151.0,56
88124402132,United States,Android,organic,2019-05-02 17:31:00,2019-05-02 17:36:00,5,2,1,3434.0,49
174581195170,United States,iPhone,organic,2019-05-01 20:55:00,2019-05-01 21:59:00,64,22,4,11310.0,51
460757834330,United States,Mac,organic,2019-05-01 22:00:00,2019-05-01 22:34:00,34,12,3,6326.0,33
221842961701,United States,Mac,FaceBoom,2019-05-02 13:03:00,2019-05-02 13:10:00,7,2,1,3435.0,17
783308152580,United States,Android,organic,2019-05-02 01:22:00,2019-05-02 01:27:00,5,2,1,1151.0,56
271551316636,United States,iPhone,TipTop,2019-05-02 08:00:00,2019-05-02 08:06:00,6,2,1,3435.0,48
581295769943,United States,iPhone,TipTop,2019-05-02 16:00:00,2019-05-02 16:04:00,4,2,1,1151.0,37
905321997674,United States,iPhone,FaceBoom,2019-05-02 03:11:00,2019-05-02 03:15:00,4,2,1,4543.0,56
103841657709,United States,iPhone,MediaTornado,2019-05-02 04:22:00,2019-05-02 04:26:00,4,2,1,7989.0,32
474830527958,United States,iPhone,FaceBoom,2019-05-02 00:19:00,2019-05-02 00:24:00,5,2,1,890.0,10
684325308270,United States,Mac,organic,2019-05-02 12:59:00,2019-05-02 13:49:00,50,17,3,8722.0,61
792706540762,United States,iPhone,organic,2019-05-02 10:05:00,2019-05-02 10:11:00,6,2,1,1151.0,17
808026173409,United States,Mac,organic,2019-05-02 09:06:00,2019-05-02 09:12:00,6,2,1,3400.0,58
477753985226,United States,Mac,TipTop,2019-05-02 08:08:00,2019-05-02 08:34:00,26,9,3,4889.0,35
425357155257,United States,iPhone,organic,2019-05-02 13:37:00,2019-05-02 13:41:00,4,2,1,239.0,23
224182758260,United States,iPhone,TipTop,2019-05-02 21:59:00,2019-05-02 22:29:00,30,10,3,5369.0,31
873417229362,United States,iPhone,organic,2019-05-02 23:30:00,2019-05-02 23:56:00,26,9,3,4889.0,16
102519763805,United States,iPhone,organic,2019-05-02 22:23:00,2019-05-02 22:30:00,7,2,1,1151.0,44
606547156670,United States,PC,TipTop,2019-05-02 15:17:00,2019-05-02 15:44:00,27,9,3,4889.0,16
150118026206,United States,Mac,FaceBoom,2019-05-02 03:04:00,2019-05-02 03:32:00,28,10,3,5369.0,26
560674181976,United States,iPhone,organic,2019-05-02 16:09:00,2019-05-02 16:15:00,6,2,1,1200.0,51
868259735977,United States,iPhone,organic,2019-05-02 23:29:00,2019-05-02 23:57:00,28,10,3,5369.0,45
56341587682,United States,PC,FaceBoom,2019-05-02 21:37:00,2019-05-02 22:48:00,71,24,5,12460.0,36
533113624129,United States,iPhone,FaceBoom,2019-05-02 23:11:00,2019-05-02 23:18:00,7,2,1,1500.0,34
684791403724,United States,PC,organic,2019-05-02 02:48:00,2019-05-02 02:52:00,4,2,1,2345.0,37
800971568625,United States,Android,organic,2019-05-02 10:50:00,2019-05-02 10:57:00,7,2,1,546.0,49
73293616521,United States,PC,TipTop,2019-05-02 16:24:00,2019-05-02 16:48:00,24,8,3,4411.0,57
798801097159,United States,Android,organic,2019-05-02 11:23:00,2019-05-02 11:27:00,4,2,1,457.0,45
691914675625,United States,Android,organic,2019-05-02 11:13:00,2019-05-02 12:02:00,49,17,3,8722.0,44
766030406634,United States,iPhone,organic,2019-05-02 23:16:00,2019-05-02 23:20:00,4,2,1,456.0,49
831718362733,United States,iPhone,MediaTornado,2019-05-02 19:27:00,2019-05-02 20:13:00,46,15,3,7764.0,32
101445798255,United States,iPhone,TipTop,2019-05-02 21:16:00,2019-05-02 22:25:00,69,24,5,12460.0,56
205007127000,United States,iPhone,organic,2019-05-02 01:23:00,2019-05-02 02:05:00,42,14,3,7284.0,59
739141354592,United States,PC,organic,2019-05-02 18:31:00,2019-05-02 18:38:00,7,2,1,56546.0,17
273492669498,United States,PC,organic,2019-05-02 07:41:00,2019-05-02 09:01:00,80,27,5,13898.0,30
315145794343,United States,iPhone,organic,2019-05-02 04:07:00,2019-05-02 04:11:00,4,2,1,1151.0,36
353725123625,United States,iPhone,MediaTornado,2019-05-02 10:40:00,2019-05-02 11:10:00,30,10,3,5369.0,43
678252190658,United States,Android,FaceBoom,2019-05-02 17:26:00,2019-05-02 17:32:00,6,2,1,4545.0,50
901245502540,United States,iPhone,FaceBoom,2019-05-02 03:49:00,2019-05-02 03:53:00,4,2,1,1151.0,51
931712704120,United States,iPhone,organic,2019-05-02 17:53:00,2019-05-02 17:59:00,6,2,1,5657.0,32
872148430066,United States,iPhone,TipTop,2019-05-02 20:56:00,2019-05-02 21:29:00,33,12,3,6326.0,59
612228953502,United States,Android,TipTop,2019-05-02 00:46:00,2019-05-02 01:32:00,46,15,3,7764.0,31
671719983124,United States,PC,organic,2019-05-02 22:44:00,2019-05-02 22:48:00,4,2,1,1151.0,15
360408707855,United States,Android,MediaTornado,2019-05-03 22:34:00,2019-05-03 22:39:00,5,2,1,457.0,43
931935743840,United States,iPhone,organic,2019-05-02 19:53:00,2019-05-02 20:26:00,33,12,3,6326.0,36
825569880933,United States,iPhone,organic,2019-05-03 05:48:00,2019-05-03 05:55:00,7,2,5,23546.0,37
685751390783,United States,Mac,organic,2019-05-03 02:53:00,2019-05-03 02:58:00,5,2,1,2300.0,24
25732375218,United States,Mac,organic,2019-05-02 02:54:00,2019-05-02 04:18:00,84,29,6,15048.0,58
591098203702,United States,Mac,organic,2019-05-02 12:58:00,2019-05-02 13:48:00,50,17,3,8722.0,17
160247288296,United States,PC,organic,2019-05-02 05:02:00,2019-05-02 06:35:00,93,32,6,16485.0,48
712299050358,United States,Android,FaceBoom,2019-05-03 08:52:00,2019-05-03 08:58:00,6,2,1,1300.0,17
756242022563,United States,iPhone,TipTop,2019-05-02 15:28:00,2019-05-02 15:53:00,25,8,3,4411.0,50
688028688639,United States,Mac,MediaTornado,2019-05-03 20:16:00,2019-05-03 20:20:00,4,2,2,1200.0,40
621553635173,United States,Android,FaceBoom,2019-05-02 19:22:00,2019-05-02 19:54:00,32,11,3,5847.0,20
731653885358,United States,Mac,organic,2019-05-03 22:55:00,2019-05-03 22:59:00,4,2,1,123.0,64
410844525997,United States,Android,organic,2019-05-02 11:02:00,2019-05-02 12:50:00,108,37,7,19073.0,25
974456580990,United States,Android,MediaTornado,2019-05-03 06:13:00,2019-05-03 06:19:00,6,2,3,2151.0,31
74576824520,United States,iPhone,organic,2019-05-02 20:44:00,2019-05-02 21:37:00,53,18,4,9394.0,27
6899132869,United States,iPhone,organic,2019-05-03 15:26:00,2019-05-03 15:32:00,6,2,1,11501.0,17
929408648749,United States,Android,organic,2019-05-02 13:18:00,2019-05-02 13:49:00,31,10,3,5369.0,62
142201989728,United States,Mac,organic,2019-05-02 17:56:00,2019-05-02 18:21:00,25,8,3,4411.0,56
874455679154,United States,iPhone,TipTop,2019-05-03 09:52:00,2019-05-03 09:57:00,5,2,2,151.0,61
996040323520,United States,iPhone,TipTop,2019-05-04 23:46:00,2019-05-04 23:52:00,6,2,1,111.0,34
278358060940,United States,PC,organic,2019-05-02 21:18:00,2019-05-02 21:46:00,28,10,3,5369.0,28
110865119989,United States,PC,organic,2019-05-02 07:42:00,2019-05-02 08:49:00,67,22,4,11310.0,24
673345112617,United States,iPhone,TipTop,2019-05-02 09:40:00,2019-05-02 10:11:00,31,10,3,5369.0,23
89765595481,United States,iPhone,TipTop,2019-05-02 08:54:00,2019-05-02 09:33:00,39,13,3,6806.0,23
350664448354,United States,Mac,organic,2019-05-04 21:11:00,2019-05-04 21:17:00,6,2,1,111.0,33
783905923744,United States,iPhone,TipTop,2019-05-04 23:32:00,2019-05-04 23:38:00,6,2,2,151.0,67
636100655792,United States,Mac,FaceBoom,2019-05-02 20:42:00,2019-05-02 21:28:00,46,15,3,7764.0,57
981449118918,United States,iPhone,organic,2019-05-01 02:36:00,2019-05-01 02:45:00,9,3,2,1823.0,27
924308873083,United States,Mac,organic,2019-05-01 10:25:00,2019-05-01 10:35:00,10,3,2,1823.0,48
321335574694,United States,iPhone,organic,2019-05-01 14:26:00,2019-05-01 14:35:00,9,3,0,0.0,55
659089181917,United States,Android,organic,2019-05-02 05:54:00,2019-05-02 06:27:00,33,12,3,6326.0,39
686572780536,United States,PC,organic,2019-05-02 17:11:00,2019-05-02 18:00:00,49,17,3,8722.0,35
175474303813,United States,Mac,MediaTornado,2019-05-02 02:18:00,2019-05-02 03:04:00,46,15,3,7764.0,26
39870632479,United States,Mac,FaceBoom,2019-05-02 10:05:00,2019-05-02 11:04:00,59,20,4,10352.0,56
186640005583,United States,iPhone,TipTop,2019-05-02 23:11:00,2019-05-02 23:49:00,38,13,3,6806.0,60
2396619302,United States,iPhone,organic,2019-05-02 06:14:00,2019-05-02 06:58:00,44,15,3,7764.0,65
684979425180,United States,iPhone,organic,2019-05-01 02:21:00,2019-05-01 02:29:00,8,3,2,1823.0,45
317750896293,United States,iPhone,FaceBoom,2019-05-02 20:46:00,2019-05-02 21:57:00,71,24,5,12460.0,20
555066228147,United States,Android,MediaTornado,2019-05-02 08:18:00,2019-05-02 09:10:00,52,17,3,8722.0,16
998513020664,United States,Mac,organic,2019-05-02 19:42:00,2019-05-02 20:20:00,38,13,3,6806.0,56
253136183810,Russia,Mac,organic,2019-05-01 10:04:00,2019-05-01 10:13:00,9,3,2,1823.0,45
432369715220,United States,PC,organic,2019-05-02 00:44:00,2019-05-02 01:18:00,34,12,3,6326.0,15
668304380546,United States,Mac,organic,2019-05-02 04:22:00,2019-05-02 05:04:00,42,14,3,7284.0,25
771715952607,United States,Android,organic,2019-05-02 17:24:00,2019-05-02 18:47:00,83,28,6,14570.0,27
335120150805,United States,iPhone,FaceBoom,2019-05-02 16:31:00,2019-05-02 17:39:00,68,23,5,11982.0,50
172680080954,United States,iPhone,organic,2019-05-01 15:01:00,2019-05-01 15:10:00,9,3,2,1823.0,62
19360341521,United States,PC,organic,2019-05-01 23:19:00,2019-05-01 23:29:00,10,3,2,1823.0,24
867082222345,Russia,Mac,organic,2019-05-01 16:30:00,2019-05-01 16:38:00,8,3,2,1823.0,26
418995554513,United States,PC,TipTop,2019-05-02 09:47:00,2019-05-02 10:30:00,43,15,3,7764.0,53
563117398023,United States,Mac,FaceBoom,2019-05-01 04:11:00,2019-05-01 04:20:00,9,3,2,1823.0,33
143120632908,United States,iPhone,organic,2019-05-02 12:12:00,2019-05-02 13:22:00,70,24,5,12460.0,41
446943958673,United States,Mac,organic,2019-05-01 08:46:00,2019-05-01 08:54:00,8,3,2,1823.0,40
500330812886,United States,Mac,organic,2019-05-01 23:16:00,2019-05-01 23:25:00,9,3,2,1823.0,55
899651216018,United States,Mac,organic,2019-05-02 08:28:00,2019-05-02 09:08:00,40,14,3,7284.0,27
174361394180,United States,iPhone,FaceBoom,2019-05-01 06:36:00,2019-05-01 06:45:00,9,3,2,1823.0,27
74352279110,United States,Mac,organic,2019-05-02 06:04:00,2019-05-02 06:45:00,41,14,3,7284.0,45
601292388085,United States,iPhone,organic,2019-05-01 22:47:00,2019-05-01 22:57:00,10,3,2,1823.0,33
68001516295,United States,iPhone,TipTop,2019-05-01 18:32:00,2019-05-01 18:41:00,9,3,2,1823.0,22
646144943578,United States,Android,FaceBoom,2019-05-02 06:45:00,2019-05-02 07:37:00,52,17,3,8722.0,43
747288086521,United States,Mac,organic,2019-05-01 07:23:00,2019-05-01 07:33:00,10,3,2,1823.0,48
980995413963,United States,Android,organic,2019-05-01 05:18:00,2019-05-01 05:27:00,9,3,2,1823.0,41
540188159481,United States,Mac,organic,2019-05-01 13:37:00,2019-05-01 13:46:00,9,3,2,1823.0,45
570567644194,United States,iPhone,organic,2019-05-02 07:03:00,2019-05-02 07:13:00,10,3,2,1823.0,61
149273509197,United States,Mac,FaceBoom,2019-05-02 06:50:00,2019-05-02 07:15:00,25,8,3,4411.0,34
583592836012,United States,Mac,TipTop,2019-05-02 20:57:00,2019-05-02 22:04:00,67,22,4,11310.0,42
866354585644,United States,iPhone,organic,2019-05-02 20:05:00,2019-05-02 20:49:00,44,15,3,7764.0,26
881948329001,United States,iPhone,organic,2019-05-02 01:10:00,2019-05-02 01:37:00,27,9,3,4889.0,38
929032199665,United States,Android,organic,2019-05-02 16:14:00,2019-05-02 16:44:00,30,10,3,5369.0,39
870263245422,United States,Mac,organic,2019-05-02 17:00:00,2019-05-02 17:29:00,29,10,3,5369.0,47
427066824271,United States,iPhone,organic,2019-05-02 05:19:00,2019-05-02 05:28:00,9,3,2,1823.0,44
165524575255,United States,Mac,MediaTornado,2019-05-02 23:53:00,2019-05-03 00:01:00,8,3,2,1823.0,19
830543407746,United States,Mac,organic,2019-05-02 06:42:00,2019-05-02 07:26:00,44,15,3,7764.0,41
545382014441,United States,iPhone,organic,2019-05-02 22:31:00,2019-05-02 23:27:00,56,19,4,9872.0,46
907274252287,United States,Mac,organic,2019-05-02 10:40:00,2019-05-02 11:11:00,31,10,3,5369.0,31
866698230166,United States,iPhone,TipTop,2019-05-02 14:46:00,2019-05-02 15:33:00,47,16,3,8242.0,22
346488890043,United States,iPhone,organic,2019-05-02 21:01:00,2019-05-02 21:11:00,10,3,2,1823.0,59
711033199052,United States,PC,FaceBoom,2019-05-02 17:05:00,2019-05-02 19:22:00,137,46,8,23577.0,36
869845223867,United States,Android,organic,2019-05-02 17:05:00,2019-05-02 17:50:00,45,15,3,7764.0,55
844594142378,United States,iPhone,organic,2019-05-02 19:33:00,2019-05-02 20:04:00,31,10,3,5369.0,21
368787989405,United States,iPhone,organic,2019-05-02 10:52:00,2019-05-02 11:00:00,8,3,2,1823.0,29
841689865249,United States,Mac,organic,2019-05-02 10:46:00,2019-05-02 10:54:00,8,3,2,1823.0,37
910963353776,United States,Mac,organic,2019-05-02 01:13:00,2019-05-02 02:04:00,51,17,3,8722.0,47
367940207823,United States,Mac,organic,2019-05-02 04:27:00,2019-05-02 04:35:00,8,3,2,1823.0,55
70966634103,United States,iPhone,organic,2019-05-02 17:32:00,2019-05-02 17:42:00,10,3,2,1823.0,44
52621452728,United States,iPhone,organic,2019-05-02 12:30:00,2019-05-02 13:17:00,47,16,3,8242.0,24
155076636505,United States,iPhone,TipTop,2019-05-02 20:04:00,2019-05-02 20:14:00,10,3,2,1823.0,19
686796578773,United States,iPhone,organic,2019-05-02 00:50:00,2019-05-02 05:12:00,262,88,15,45046.0,24
537526476613,United States,Android,organic,2019-05-02 11:13:00,2019-05-02 11:21:00,8,3,2,1823.0,46
852898876338,United States,iPhone,MediaTornado,2019-05-02 23:25:00,2019-05-02 23:55:00,30,10,3,5369.0,29
561613599172,United States,Mac,TipTop,2019-05-02 20:54:00,2019-05-02 21:04:00,10,3,2,1823.0,52
779023586684,United States,Android,organic,2019-05-02 04:53:00,2019-05-02 05:17:00,24,8,3,4411.0,32
719012198415,United States,iPhone,organic,2019-05-02 02:08:00,2019-05-02 02:35:00,27,9,3,4889.0,41
875325987702,United States,Android,organic,2019-05-02 08:17:00,2019-05-02 08:27:00,10,3,2,1823.0,25
418482945108,United States,Mac,organic,2019-05-02 16:09:00,2019-05-02 17:33:00,84,29,6,15048.0,49
794371247519,United States,Mac,organic,2019-05-02 12:48:00,2019-05-02 14:06:00,78,27,5,13897.0,49
748577009560,United States,Mac,organic,2019-05-02 10:16:00,2019-05-02 10:24:00,8,3,2,1823.0,25
965036180456,United States,PC,organic,2019-05-02 07:05:00,2019-05-02 07:13:00,8,3,2,1823.0,49
759455956757,United States,Android,TipTop,2019-05-02 06:26:00,2019-05-02 07:30:00,64,22,4,11310.0,64
511578691288,United States,Android,organic,2019-05-02 10:28:00,2019-05-02 11:42:00,74,25,5,12940.0,35
734194923861,United States,Mac,TipTop,2019-05-02 02:19:00,2019-05-02 02:29:00,10,3,2,1823.0,40
833134538046,United States,PC,MediaTornado,2019-05-02 02:09:00,2019-05-02 02:19:00,10,3,2,1823.0,56
772567104356,United States,iPhone,organic,2019-05-02 01:50:00,2019-05-02 01:59:00,9,3,2,1823.0,49
87158333602,United States,Mac,FaceBoom,2019-05-02 04:22:00,2019-05-02 04:30:00,8,3,2,1823.0,24
34377840200,United States,iPhone,organic,2019-05-02 20:57:00,2019-05-02 21:28:00,31,10,3,5369.0,28
233128454643,United States,PC,TipTop,2019-05-02 14:28:00,2019-05-02 15:51:00,83,28,6,14570.0,29
382819469286,United States,Android,organic,2019-05-02 04:13:00,2019-05-02 04:23:00,10,3,2,1823.0,26
191794388596,United States,iPhone,organic,2019-05-02 22:22:00,2019-05-02 22:31:00,9,3,2,1823.0,53
608682706122,United States,Mac,MediaTornado,2019-05-02 09:00:00,2019-05-02 09:35:00,35,12,3,6327.0,60
271331434289,United States,iPhone,FaceBoom,2019-05-02 10:28:00,2019-05-02 10:53:00,25,8,3,4411.0,46
827683555987,United States,Mac,TipTop,2019-05-02 23:51:00,2019-05-02 23:59:00,8,3,2,1823.0,58
650269084690,United States,iPhone,TipTop,2019-05-02 22:59:00,2019-05-02 23:26:00,27,9,3,4889.0,33
744624457965,United States,iPhone,MediaTornado,2019-05-02 05:41:00,2019-05-02 05:50:00,9,3,2,1823.0,22
813505493428,United States,iPhone,FaceBoom,2019-05-02 13:10:00,2019-05-02 13:19:00,9,3,2,1823.0,17
369133379089,United States,Mac,organic,2019-05-02 00:58:00,2019-05-02 01:41:00,43,15,3,7764.0,41
88124402132,United States,Android,organic,2019-05-02 08:49:00,2019-05-02 08:58:00,9,3,2,1823.0,40
365686996329,United States,Mac,organic,2019-05-02 06:02:00,2019-05-02 06:10:00,8,3,2,1823.0,54
656342129743,United States,Mac,organic,2019-05-02 12:42:00,2019-05-02 12:50:00,8,3,2,1823.0,54
362993941442,United States,PC,organic,2019-05-02 16:52:00,2019-05-02 17:02:00,10,3,2,1823.0,46
608835213891,United States,iPhone,organic,2019-05-02 16:16:00,2019-05-02 16:24:00,8,3,2,1823.0,50
774938424092,United States,Mac,organic,2019-05-02 21:14:00,2019-05-02 21:24:00,10,3,2,1823.0,26
849459340368,United States,Mac,organic,2019-05-02 04:10:00,2019-05-02 04:42:00,32,11,3,5847.0,53
483481057271,United States,Mac,MediaTornado,2019-05-02 06:41:00,2019-05-02 07:06:00,25,8,3,4411.0,28
588499264097,United States,Mac,TipTop,2019-05-02 12:54:00,2019-05-02 13:03:00,9,3,2,1823.0,60
898370108164,United States,Android,organic,2019-05-02 20:56:00,2019-05-02 21:05:00,9,3,2,1823.0,33
131619150410,United States,PC,organic,2019-05-02 03:42:00,2019-05-02 04:14:00,32,11,3,5847.0,36
738227732207,United States,iPhone,organic,2019-05-02 22:26:00,2019-05-02 22:35:00,9,3,2,1823.0,27
638584367534,United States,iPhone,TipTop,2019-05-02 09:31:00,2019-05-02 09:39:00,8,3,2,1823.0,48
942237232209,United States,Mac,organic,2019-05-02 04:57:00,2019-05-02 05:43:00,46,15,3,7764.0,54
408668484523,United States,Android,TipTop,2019-05-02 01:28:00,2019-05-02 02:06:00,38,13,3,6806.0,55
955458993897,United States,Android,organic,2019-05-02 22:25:00,2019-05-02 22:49:00,24,8,3,4411.0,34
272077639622,United States,PC,MediaTornado,2019-05-02 23:21:00,2019-05-02 23:29:00,8,3,2,1823.0,64
334225002076,United States,Android,MediaTornado,2019-05-02 15:39:00,2019-05-02 15:47:00,8,3,2,1823.0,50
335120150805,United States,PC,organic,2019-05-02 05:42:00,2019-05-02 05:51:00,9,3,2,1823.0,41
286551484333,United States,iPhone,organic,2019-05-02 07:09:00,2019-05-02 07:58:00,49,17,3,8722.0,25
484342911022,United States,Android,organic,2019-05-02 04:11:00,2019-05-02 05:33:00,82,27,5,13898.0,51
324306427447,United States,Android,FaceBoom,2019-05-02 16:32:00,2019-05-02 16:55:00,23,8,3,4411.0,29
960278728002,United States,Android,FaceBoom,2019-05-02 23:21:00,2019-05-02 23:30:00,9,3,2,1823.0,60
931534477821,United States,Mac,organic,2019-05-02 05:40:00,2019-05-02 06:08:00,28,10,3,5369.0,45
262620711897,United States,iPhone,organic,2019-05-02 15:45:00,2019-05-02 16:31:00,46,15,3,7764.0,35
237679252560,United States,iPhone,organic,2019-05-02 10:07:00,2019-05-02 10:32:00,25,8,3,4411.0,44
260916524415,United States,Android,organic,2019-05-02 13:23:00,2019-05-02 14:40:00,77,26,5,13418.0,38
518812325881,United States,Android,organic,2019-05-02 12:23:00,2019-05-02 13:46:00,83,28,6,14570.0,52
224707726156,United States,PC,TipTop,2019-05-02 13:41:00,2019-05-02 13:51:00,10,3,2,1823.0,50
137884931773,United States,Android,organic,2019-05-02 05:55:00,2019-05-02 06:04:00,9,3,2,1823.0,50
382394863972,United States,Mac,FaceBoom,2019-05-02 09:40:00,2019-05-02 10:10:00,30,10,3,5369.0,58
375268624962,United States,iPhone,MediaTornado,2019-05-02 03:55:00,2019-05-02 04:37:00,42,14,3,7284.0,29
614740168132,United States,Mac,TipTop,2019-05-02 23:54:00,2019-05-03 00:04:00,10,3,2,1823.0,42
864511840601,United States,Mac,FaceBoom,2019-05-02 04:55:00,2019-05-02 05:03:00,8,3,2,1823.0,35
850425634884,United States,iPhone,organic,2019-05-02 06:31:00,2019-05-02 06:40:00,9,3,2,1823.0,33
244664513427,United States,iPhone,organic,2019-05-02 16:33:00,2019-05-02 16:41:00,8,3,2,1823.0,43
827483099399,United States,PC,organic,2019-05-02 14:27:00,2019-05-02 15:18:00,51,17,3,8722.0,38
5854057089,United States,Mac,organic,2019-05-02 23:23:00,2019-05-02 23:53:00,30,10,3,5369.0,43
926983059667,United States,Mac,organic,2019-05-02 13:58:00,2019-05-02 14:08:00,10,3,2,1823.0,29
278453247122,United States,iPhone,organic,2019-05-02 07:39:00,2019-05-02 08:20:00,41,14,3,7284.0,47
850325381510,United States,Android,FaceBoom,2019-05-02 08:35:00,2019-05-02 09:57:00,82,27,5,13898.0,35
571391194394,United States,Mac,FaceBoom,2019-05-02 10:24:00,2019-05-02 10:32:00,8,3,2,1823.0,55
613130841423,United States,Mac,organic,2019-05-02 02:30:00,2019-05-02 03:53:00,83,28,6,14570.0,24
832006302323,United States,Mac,organic,2019-05-02 13:29:00,2019-05-02 14:29:00,60,20,4,10352.0,17
514461104674,United States,iPhone,TipTop,2019-05-02 00:52:00,2019-05-02 01:17:00,25,8,3,4411.0,47
458282149641,United States,iPhone,organic,2019-05-02 08:10:00,2019-05-02 08:20:00,10,3,2,1823.0,47
987123313250,United States,Android,organic,2019-05-03 10:02:00,2019-05-03 10:12:00,10,3,2,1823.0,15
635038012911,United States,iPhone,organic,2019-05-03 18:35:00,2019-05-03 18:45:00,10,3,2,1823.0,49
977124892485,United States,iPhone,organic,2019-05-03 13:02:00,2019-05-03 13:10:00,8,3,2,1823.0,43
969367764818,United States,Android,organic,2019-05-02 22:14:00,2019-05-02 22:49:00,35,12,3,6327.0,57
587832912542,United States,Android,organic,2019-05-03 11:29:00,2019-05-03 11:37:00,8,3,2,1823.0,20
596556743556,United States,Mac,organic,2019-05-03 22:17:00,2019-05-03 22:25:00,8,3,2,1823.0,43
324689022998,United States,PC,organic,2019-05-03 20:45:00,2019-05-03 20:54:00,9,3,2,1823.0,38
113111563180,United States,PC,TipTop,2019-05-04 06:41:00,2019-05-04 06:49:00,8,3,2,1823.0,38
815204019098,United States,Mac,organic,2019-05-04 07:52:00,2019-05-04 08:01:00,9,3,2,1823.0,36
136226778935,United States,Android,FaceBoom,2019-05-01 23:09:00,2019-05-01 23:21:00,12,4,2,2301.0,59
649481162824,United States,Android,organic,2019-05-02 06:50:00,2019-05-02 08:26:00,96,32,6,16486.0,67
776888182370,United States,iPhone,organic,2019-05-01 16:34:00,2019-05-01 16:45:00,11,4,2,2301.0,35
545857758580,United States,iPhone,organic,2019-05-02 03:36:00,2019-05-02 04:30:00,54,18,4,9394.0,23
672234064770,United States,iPhone,FaceBoom,2019-05-02 00:42:00,2019-05-02 02:18:00,96,32,6,16486.0,35
770275875154,United States,iPhone,MediaTornado,2019-05-02 08:45:00,2019-05-02 09:15:00,30,10,3,5369.0,60
749745446993,United States,Mac,organic,2019-05-01 11:25:00,2019-05-01 11:37:00,12,4,2,2301.0,15
42151693080,United States,Mac,organic,2019-05-02 22:11:00,2019-05-02 22:34:00,23,8,3,4411.0,45
191304915702,United States,iPhone,organic,2019-05-02 13:55:00,2019-05-02 14:29:00,34,12,3,6326.0,40
109843833662,United States,Android,organic,2019-05-02 22:44:00,2019-05-02 23:11:00,27,9,3,4889.0,52
971277577703,United States,iPhone,organic,2019-05-02 02:27:00,2019-05-02 03:16:00,49,17,3,8722.0,62
81131715035,United States,iPhone,organic,2019-05-02 14:35:00,2019-05-02 15:04:00,29,10,3,5369.0,56
6637059910,United States,Mac,FaceBoom,2019-05-01 12:17:00,2019-05-01 12:28:00,11,4,2,2301.0,34
546589305982,United States,Android,FaceBoom,2019-05-02 19:59:00,2019-05-02 20:32:00,33,12,3,6326.0,51
678936610986,United States,PC,organic,2019-05-02 20:40:00,2019-05-02 21:16:00,36,12,3,6327.0,29
628574586368,United States,iPhone,FaceBoom,2019-05-02 10:55:00,2019-05-02 11:32:00,37,12,3,6327.0,57
701672377659,United States,Android,organic,2019-05-01 09:31:00,2019-05-01 09:43:00,12,4,2,2301.0,41
427089510827,United States,PC,TipTop,2019-05-02 09:33:00,2019-05-02 10:15:00,42,14,3,7284.0,52
760705549556,United States,iPhone,TipTop,2019-05-01 18:07:00,2019-05-01 18:19:00,12,4,2,2301.0,36
489789197000,United States,Android,FaceBoom,2019-05-02 06:12:00,2019-05-02 06:40:00,28,10,3,5369.0,28
779773817948,United States,iPhone,organic,2019-05-01 03:49:00,2019-05-01 04:01:00,12,4,2,2301.0,26
845827615645,United States,Mac,organic,2019-05-01 01:11:00,2019-05-01 01:23:00,12,4,2,2301.0,27
550346814917,United States,Mac,organic,2019-05-02 19:58:00,2019-05-02 20:59:00,61,20,4,10352.0,34
18854267236,United States,PC,organic,2019-05-01 18:02:00,2019-05-01 18:14:00,12,4,2,2301.0,20
225882295024,United States,Android,organic,2019-05-02 23:21:00,2019-05-03 00:56:00,95,32,6,16486.0,21
127355982024,United States,iPhone,organic,2019-05-01 18:37:00,2019-05-01 18:49:00,12,4,2,2301.0,46
654098049631,United States,PC,organic,2019-05-01 06:27:00,2019-05-01 06:39:00,12,4,2,2301.0,51
272077639622,United States,iPhone,organic,2019-05-01 08:19:00,2019-05-01 08:31:00,12,4,2,2301.0,46
297087836166,United States,iPhone,organic,2019-05-02 21:16:00,2019-05-02 22:44:00,88,30,6,15528.0,34
798065683752,United States,Android,organic,2019-05-02 06:06:00,2019-05-02 07:32:00,86,29,6,15048.0,45
163781283147,United States,Android,TipTop,2019-05-02 23:33:00,2019-05-03 00:00:00,27,9,3,4889.0,61
680276258607,United States,Mac,organic,2019-05-02 20:16:00,2019-05-02 21:41:00,85,29,6,15048.0,23
427628674666,United States,Mac,organic,2019-05-02 06:16:00,2019-05-02 06:27:00,11,4,2,2301.0,35
883214177630,United States,iPhone,FaceBoom,2019-05-02 19:14:00,2019-05-02 19:39:00,25,8,3,4411.0,24
646221767633,United States,iPhone,TipTop,2019-05-02 02:09:00,2019-05-02 03:22:00,73,25,5,12940.0,54
192788188996,United States,Mac,MediaTornado,2019-05-02 05:51:00,2019-05-02 06:02:00,11,4,2,2301.0,32
616405068054,United States,iPhone,organic,2019-05-02 05:31:00,2019-05-02 07:56:00,145,49,9,25207.0,41
763901358434,United States,Mac,organic,2019-05-02 01:35:00,2019-05-02 02:21:00,46,15,3,7764.0,25
985668657784,United States,Android,organic,2019-05-02 02:44:00,2019-05-02 02:55:00,11,4,2,2301.0,15
522568277495,United States,PC,organic,2019-05-02 19:26:00,2019-05-02 19:37:00,11,4,2,2301.0,42
987236448851,United States,iPhone,organic,2019-05-02 02:50:00,2019-05-02 03:19:00,29,10,3,5369.0,32
829679777937,United States,Android,organic,2019-05-02 22:38:00,2019-05-02 22:49:00,11,4,2,2301.0,29
278926553340,United States,PC,organic,2019-05-02 21:05:00,2019-05-02 21:47:00,42,14,3,7284.0,28
749991444363,United States,PC,TipTop,2019-05-02 00:22:00,2019-05-02 00:33:00,11,4,2,2301.0,45
781768951690,United States,iPhone,organic,2019-05-02 13:51:00,2019-05-02 14:02:00,11,4,2,2301.0,62
697807288880,United States,Mac,TipTop,2019-05-02 04:25:00,2019-05-02 04:37:00,12,4,2,2301.0,34
960278728002,United States,iPhone,organic,2019-05-02 14:52:00,2019-05-02 15:03:00,11,4,2,2301.0,38
543406601872,United States,iPhone,organic,2019-05-02 11:17:00,2019-05-02 12:34:00,77,26,5,13418.0,14
486667321487,United States,iPhone,organic,2019-05-02 18:38:00,2019-05-02 18:50:00,12,4,2,2301.0,27
618859414270,United States,iPhone,organic,2019-05-02 02:03:00,2019-05-02 02:15:00,12,4,2,2301.0,49
176343555200,United States,Mac,TipTop,2019-05-02 11:19:00,2019-05-02 11:45:00,26,9,3,4889.0,45
921862398832,United States,iPhone,organic,2019-05-02 20:00:00,2019-05-02 20:33:00,33,12,3,6326.0,35
192411464595,United States,iPhone,FaceBoom,2019-05-02 20:44:00,2019-05-02 21:14:00,30,10,3,5369.0,50
385089417030,United States,iPhone,organic,2019-05-02 06:11:00,2019-05-02 06:23:00,12,4,2,2301.0,47
176959051255,United States,PC,TipTop,2019-05-02 09:31:00,2019-05-02 10:04:00,33,12,3,6326.0,18
488255862804,United States,Android,organic,2019-05-02 05:53:00,2019-05-02 06:31:00,38,13,3,6806.0,47
767376432915,United States,Mac,organic,2019-05-02 11:55:00,2019-05-02 12:07:00,12,4,2,2301.0,23
268756360170,United States,iPhone,organic,2019-05-02 09:35:00,2019-05-02 10:27:00,52,17,3,8722.0,25
173462921030,United States,iPhone,FaceBoom,2019-05-02 08:26:00,2019-05-02 09:17:00,51,17,3,8722.0,17
751932449724,United States,iPhone,organic,2019-05-02 12:09:00,2019-05-02 12:21:00,12,4,2,2301.0,66
858215590167,United States,Android,organic,2019-05-02 13:00:00,2019-05-02 13:11:00,11,4,2,2301.0,52
788456453608,United States,iPhone,organic,2019-05-02 18:45:00,2019-05-02 18:57:00,12,4,2,2301.0,22
645547903112,United States,Android,FaceBoom,2019-05-02 03:14:00,2019-05-02 03:49:00,35,12,3,6327.0,21
227343722466,United States,Mac,organic,2019-05-02 16:36:00,2019-05-02 16:48:00,12,4,2,2301.0,52
448141836871,United States,iPhone,organic,2019-05-02 20:03:00,2019-05-02 20:14:00,11,4,2,2301.0,49
202095269121,United States,Android,organic,2019-05-02 02:54:00,2019-05-02 03:06:00,12,4,2,2301.0,41
207946816411,United States,Mac,organic,2019-05-02 03:04:00,2019-05-02 03:16:00,12,4,2,2301.0,27
464742069162,United States,Android,organic,2019-05-02 17:54:00,2019-05-02 18:05:00,11,4,2,2301.0,46
575507633672,United States,PC,FaceBoom,2019-05-02 21:36:00,2019-05-02 22:31:00,55,19,4,9872.0,42
101146825640,United States,Android,organic,2019-05-02 13:25:00,2019-05-02 14:53:00,88,30,6,15528.0,45
480560185060,United States,iPhone,organic,2019-05-02 17:37:00,2019-05-02 17:49:00,12,4,2,2301.0,54
666126162157,United States,Android,FaceBoom,2019-05-02 01:22:00,2019-05-02 01:33:00,11,4,2,2301.0,31
67486407139,United States,iPhone,TipTop,2019-05-02 03:31:00,2019-05-02 03:43:00,12,4,2,2301.0,52
381232762069,United States,iPhone,FaceBoom,2019-05-02 22:22:00,2019-05-02 22:34:00,12,4,2,2301.0,50
50527299863,United States,PC,organic,2019-05-02 23:13:00,2019-05-02 23:24:00,11,4,2,2301.0,64
206499654109,United States,Mac,organic,2019-05-02 09:38:00,2019-05-02 09:49:00,11,4,2,2301.0,21
803524390344,United States,Android,organic,2019-05-02 00:19:00,2019-05-02 00:56:00,37,12,3,6327.0,28
939238426297,United States,Mac,organic,2019-05-02 08:33:00,2019-05-02 09:25:00,52,17,3,8722.0,52
174454347279,United States,iPhone,TipTop,2019-05-02 00:57:00,2019-05-02 01:35:00,38,13,3,6806.0,33
433055995944,United States,Mac,organic,2019-05-02 23:00:00,2019-05-02 23:34:00,34,12,3,6326.0,27
408121698518,United States,Android,FaceBoom,2019-05-02 12:53:00,2019-05-02 13:50:00,57,19,4,9872.0,60
246275752026,United States,iPhone,MediaTornado,2019-05-02 13:53:00,2019-05-02 14:39:00,46,15,3,7764.0,71
209848494597,United States,Mac,TipTop,2019-05-02 06:15:00,2019-05-02 06:27:00,12,4,2,2301.0,31
482267088412,United States,Mac,organic,2019-05-02 03:10:00,2019-05-02 03:39:00,29,10,3,5369.0,27
540188159481,United States,Mac,FaceBoom,2019-05-02 06:18:00,2019-05-02 06:29:00,11,4,2,2301.0,63
606148170124,United States,iPhone,organic,2019-05-02 00:59:00,2019-05-02 01:29:00,30,10,3,5369.0,35
186640005583,United States,iPhone,organic,2019-05-02 17:49:00,2019-05-02 18:00:00,11,4,2,2301.0,23
501990835449,United States,iPhone,FaceBoom,2019-05-02 20:16:00,2019-05-02 20:27:00,11,4,2,2301.0,57
648200077236,United States,Mac,organic,2019-05-02 03:15:00,2019-05-02 03:57:00,42,14,3,7284.0,39
25586955627,United States,Android,FaceBoom,2019-05-02 18:28:00,2019-05-02 18:39:00,11,4,2,2301.0,54
567448391903,United States,Android,organic,2019-05-02 22:38:00,2019-05-02 22:50:00,12,4,2,2301.0,35
155632650276,United States,iPhone,organic,2019-05-02 13:02:00,2019-05-02 14:28:00,86,29,6,15048.0,35
640406227215,United States,iPhone,TipTop,2019-05-02 19:26:00,2019-05-02 19:56:00,30,10,3,5369.0,25
289984769778,United States,Mac,organic,2019-05-02 14:25:00,2019-05-02 14:58:00,33,12,3,6326.0,37
689457580148,United States,Android,MediaTornado,2019-05-02 19:24:00,2019-05-02 19:36:00,12,4,2,2301.0,32
391268191626,United States,Android,FaceBoom,2019-05-03 12:21:00,2019-05-03 12:32:00,11,4,2,2301.0,39
205180906195,United States,iPhone,TipTop,2019-05-02 15:07:00,2019-05-02 15:31:00,24,8,3,4411.0,51
215931197243,United States,Android,organic,2019-05-03 04:44:00,2019-05-03 04:56:00,12,4,2,2301.0,40
443806738018,United States,iPhone,organic,2019-05-03 01:44:00,2019-05-03 01:55:00,11,4,2,2301.0,37
219726565437,United States,iPhone,organic,2019-05-03 03:49:00,2019-05-03 04:00:00,11,4,2,2301.0,15
377703720253,United States,iPhone,organic,2019-05-02 10:10:00,2019-05-02 11:52:00,102,34,7,17636.0,39
589320347244,United States,iPhone,organic,2019-05-01 20:03:00,2019-05-01 20:19:00,16,5,2,2781.0,54
165309433157,United States,Android,organic,2019-05-01 13:39:00,2019-05-01 13:52:00,13,5,2,2781.0,45
588499264097,United States,iPhone,organic,2019-05-01 16:38:00,2019-05-01 16:52:00,14,5,2,2781.0,50
957341100357,United States,iPhone,FaceBoom,2019-05-01 05:04:00,2019-05-01 05:19:00,15,5,2,2781.0,16
66320894054,United States,iPhone,organic,2019-05-01 20:00:00,2019-05-01 20:15:00,15,5,2,2781.0,58
322106255921,United States,Mac,organic,2019-05-01 17:59:00,2019-05-01 18:16:00,17,5,2,2781.0,53
861641893424,Russia,iPhone,organic,2019-05-01 05:51:00,2019-05-01 06:05:00,14,5,2,2781.0,20
947466024774,United States,iPhone,organic,2019-05-02 02:15:00,2019-05-02 02:56:00,41,14,3,7284.0,54
21864304848,United States,iPhone,organic,2019-05-01 01:27:00,2019-05-01 01:44:00,17,5,2,2781.0,42
752733425690,United States,iPhone,FaceBoom,2019-05-01 12:55:00,2019-05-01 13:08:00,13,5,2,2781.0,38
216926444139,United States,Mac,organic,2019-05-02 10:10:00,2019-05-02 10:39:00,29,10,3,5369.0,49
278539725685,United States,iPhone,organic,2019-05-02 04:07:00,2019-05-02 04:42:00,35,12,3,6327.0,24
691059545972,United States,Mac,FaceBoom,2019-05-01 05:33:00,2019-05-01 05:49:00,16,5,2,2781.0,27
104520297213,United States,Mac,organic,2019-05-01 13:37:00,2019-05-01 13:50:00,13,5,2,2781.0,34
275371951655,United States,PC,FaceBoom,2019-05-02 02:41:00,2019-05-02 03:04:00,23,8,3,4411.0,50
59058997486,United States,iPhone,organic,2019-05-02 02:41:00,2019-05-02 03:46:00,65,22,4,11310.0,49
529610067795,United States,Android,organic,2019-05-01 16:37:00,2019-05-01 16:52:00,15,5,2,2781.0,44
388127576567,United States,Mac,organic,2019-05-01 14:35:00,2019-05-01 14:48:00,13,5,2,2781.0,35
346019138858,United States,Android,organic,2019-05-01 17:52:00,2019-05-01 18:05:00,13,5,2,2781.0,34
306581008273,United States,Android,organic,2019-05-02 21:03:00,2019-05-02 21:44:00,41,14,3,7284.0,50
10887840082,United States,Mac,organic,2019-05-02 16:04:00,2019-05-02 16:35:00,31,10,3,5369.0,50
882186090341,United States,PC,organic,2019-05-02 13:44:00,2019-05-02 14:45:00,61,20,4,10352.0,27
666126162157,United States,Android,TipTop,2019-05-01 01:58:00,2019-05-01 02:12:00,14,5,2,2781.0,42
36887497860,United States,Mac,organic,2019-05-02 06:14:00,2019-05-02 07:23:00,69,24,5,12460.0,50
765238003221,United States,PC,organic,2019-05-01 06:56:00,2019-05-01 07:09:00,13,5,2,2781.0,31
396403498890,United States,PC,FaceBoom,2019-05-01 16:21:00,2019-05-01 16:38:00,17,5,2,2781.0,37
762967736114,United States,Mac,TipTop,2019-05-01 16:53:00,2019-05-01 17:08:00,15,5,2,2781.0,53
493234349366,United States,Mac,organic,2019-05-02 00:12:00,2019-05-02 00:47:00,35,12,3,6327.0,54
90242400005,United States,iPhone,TipTop,2019-05-02 12:39:00,2019-05-02 14:30:00,111,37,7,19073.0,33
950155944709,United States,iPhone,organic,2019-05-01 00:46:00,2019-05-01 00:59:00,13,5,2,2781.0,51
244878945432,United States,Mac,TipTop,2019-05-02 11:43:00,2019-05-02 12:53:00,70,24,5,12460.0,42
784885401335,United States,Mac,FaceBoom,2019-05-02 19:17:00,2019-05-02 20:45:00,88,30,6,15528.0,67
253136183810,United States,Android,FaceBoom,2019-05-02 14:28:00,2019-05-02 15:09:00,41,14,3,7284.0,56
992236261045,United States,Android,organic,2019-05-01 16:11:00,2019-05-01 16:27:00,16,5,2,2781.0,54
181066576860,United States,iPhone,organic,2019-05-02 13:52:00,2019-05-02 14:15:00,23,8,3,4411.0,59
172680080954,United States,Android,organic,2019-05-02 19:38:00,2019-05-02 20:36:00,58,20,4,10352.0,62
48681240131,United States,iPhone,FaceBoom,2019-05-01 01:25:00,2019-05-01 01:38:00,13,5,2,2781.0,29
265181148831,United States,Mac,organic,2019-05-01 21:44:00,2019-05-01 21:58:00,14,5,2,2781.0,45
293820189249,United States,iPhone,organic,2019-05-02 13:30:00,2019-05-02 14:04:00,34,12,3,6326.0,57
861641893424,United States,Android,organic,2019-05-02 03:26:00,2019-05-02 04:03:00,37,12,3,6327.0,49
645681897253,United States,iPhone,TipTop,2019-05-02 07:24:00,2019-05-02 07:56:00,32,11,3,5847.0,60
266796485208,United States,Android,FaceBoom,2019-05-01 11:09:00,2019-05-01 11:26:00,17,5,2,2781.0,42
639353625408,United States,Android,organic,2019-05-02 12:39:00,2019-05-02 13:33:00,54,18,4,9394.0,24
193700432376,United States,Android,organic,2019-05-01 10:32:00,2019-05-01 10:49:00,17,5,2,2781.0,56
6637059910,United States,Mac,TipTop,2019-05-02 13:08:00,2019-05-02 14:56:00,108,37,7,19073.0,56
867082222345,United States,iPhone,organic,2019-05-02 15:23:00,2019-05-02 16:05:00,42,14,3,7284.0,25
736133168801,United States,Android,organic,2019-05-01 05:34:00,2019-05-01 05:50:00,16,5,2,2781.0,28
64868737546,United States,PC,FaceBoom,2019-05-01 13:13:00,2019-05-01 13:29:00,16,5,2,2781.0,60
222125642245,United States,Mac,organic,2019-05-02 06:07:00,2019-05-02 06:33:00,26,9,3,4889.0,28
507976396711,United States,iPhone,TipTop,2019-05-01 01:28:00,2019-05-01 01:41:00,13,5,2,2781.0,16
227135660441,United States,Mac,organic,2019-05-01 15:47:00,2019-05-01 16:04:00,17,5,2,2781.0,19
379285585609,United States,Mac,organic,2019-05-02 06:34:00,2019-05-02 07:15:00,41,14,3,7284.0,29
529610067795,United States,PC,FaceBoom,2019-05-02 06:19:00,2019-05-02 07:07:00,48,17,3,8722.0,63
478571391815,United States,iPhone,organic,2019-05-01 02:21:00,2019-05-01 02:38:00,17,5,2,2781.0,35
226868412926,United States,Android,organic,2019-05-02 01:23:00,2019-05-02 02:12:00,49,17,3,8722.0,51
692710478834,United States,iPhone,organic,2019-05-01 00:06:00,2019-05-01 00:19:00,13,5,2,2781.0,53
846285993293,United States,iPhone,organic,2019-05-01 09:54:00,2019-05-01 10:10:00,16,5,2,2781.0,53
129100331057,United States,Android,organic,2019-05-02 14:26:00,2019-05-02 15:05:00,39,13,3,6806.0,20
611752998439,United States,Mac,organic,2019-05-01 20:40:00,2019-05-01 20:55:00,15,5,2,2781.0,27
209848494597,United States,Mac,organic,2019-05-01 02:12:00,2019-05-01 02:27:00,15,5,2,2781.0,30
615206550301,United States,Mac,organic,2019-05-01 01:38:00,2019-05-01 01:55:00,17,5,2,2781.0,44
751165176839,United States,iPhone,organic,2019-05-02 07:00:00,2019-05-02 08:42:00,102,34,7,17636.0,28
30904692333,United States,iPhone,FaceBoom,2019-05-01 05:15:00,2019-05-01 05:29:00,14,5,2,2781.0,27
382310304597,United States,iPhone,organic,2019-05-02 15:13:00,2019-05-02 16:04:00,51,17,3,8722.0,46
217122892307,United States,Mac,organic,2019-05-01 04:18:00,2019-05-01 04:31:00,13,5,2,2781.0,57
600650801505,United States,iPhone,organic,2019-05-02 04:12:00,2019-05-02 04:26:00,14,5,2,2781.0,23
265181148831,United States,Android,organic,2019-05-02 22:43:00,2019-05-02 23:37:00,54,18,4,9394.0,57
984009345980,United States,iPhone,organic,2019-05-02 10:02:00,2019-05-02 10:16:00,14,5,2,2781.0,55
275686335511,United States,Mac,TipTop,2019-05-02 19:54:00,2019-05-02 21:00:00,66,22,4,11310.0,34
498607736711,United States,Mac,organic,2019-05-02 11:35:00,2019-05-02 12:09:00,34,12,3,6326.0,45
117255506011,United States,PC,FaceBoom,2019-05-02 10:44:00,2019-05-02 10:57:00,13,5,2,2781.0,46
378259772247,United States,Mac,organic,2019-05-02 16:34:00,2019-05-02 16:49:00,15,5,2,2781.0,38
179084656995,United States,iPhone,organic,2019-05-02 11:19:00,2019-05-02 11:55:00,36,12,3,6327.0,59
951898498798,United States,iPhone,organic,2019-05-02 00:45:00,2019-05-02 00:59:00,14,5,2,2781.0,34
18854267236,United States,iPhone,organic,2019-05-02 04:01:00,2019-05-02 04:34:00,33,12,3,6326.0,20
71021174060,United States,Mac,organic,2019-05-02 19:15:00,2019-05-02 19:58:00,43,15,3,7764.0,54
229427452419,United States,iPhone,organic,2019-05-02 22:03:00,2019-05-02 22:19:00,16,5,2,2781.0,43
617896122172,United States,PC,FaceBoom,2019-05-02 23:08:00,2019-05-02 23:25:00,17,5,2,2781.0,42
357758934759,United States,Android,TipTop,2019-05-02 12:12:00,2019-05-02 12:26:00,14,5,2,2781.0,47
5015155420,United States,Android,MediaTornado,2019-05-02 17:35:00,2019-05-02 17:48:00,13,5,2,2781.0,46
10404332026,United States,Android,organic,2019-05-02 19:08:00,2019-05-02 20:13:00,65,22,4,11310.0,33
23288059743,United States,iPhone,organic,2019-05-02 20:10:00,2019-05-02 20:25:00,15,5,2,2781.0,49
222737942966,United States,Mac,organic,2019-05-02 16:26:00,2019-05-02 17:10:00,44,15,3,7764.0,28
482867495306,United States,iPhone,organic,2019-05-02 12:49:00,2019-05-02 13:03:00,14,5,2,2781.0,28
462972854783,United States,Mac,organic,2019-05-02 00:30:00,2019-05-02 00:45:00,15,5,2,2781.0,44
819045144139,United States,Android,FaceBoom,2019-05-02 07:16:00,2019-05-02 08:09:00,53,18,4,9394.0,20
186030781350,United States,iPhone,organic,2019-05-02 17:43:00,2019-05-02 18:24:00,41,14,3,7284.0,25
954277860460,United States,iPhone,organic,2019-05-02 22:40:00,2019-05-02 22:56:00,16,5,2,2781.0,58
747288086521,United States,PC,FaceBoom,2019-05-02 00:43:00,2019-05-02 01:07:00,24,8,3,4411.0,54
379907652723,United States,Android,organic,2019-05-02 17:28:00,2019-05-02 17:45:00,17,5,2,2781.0,60
66448315388,United States,iPhone,organic,2019-05-02 03:55:00,2019-05-02 04:11:00,16,5,2,2781.0,56
428769597608,United States,iPhone,FaceBoom,2019-05-02 23:58:00,2019-05-03 00:13:00,15,5,2,2781.0,39
46064941012,United States,Mac,FaceBoom,2019-05-02 13:48:00,2019-05-02 14:13:00,25,8,3,4411.0,38
321036182822,United States,iPhone,TipTop,2019-05-02 19:31:00,2019-05-02 20:07:00,36,12,3,6327.0,36
224707726156,United States,iPhone,organic,2019-05-02 07:35:00,2019-05-02 07:50:00,15,5,2,2781.0,34
688282120291,United States,iPhone,organic,2019-05-02 12:20:00,2019-05-02 12:36:00,16,5,2,2781.0,27
306063138067,United States,Mac,organic,2019-05-02 07:13:00,2019-05-02 07:27:00,14,5,2,2781.0,55
847576534572,United States,iPhone,TipTop,2019-05-02 09:37:00,2019-05-02 09:54:00,17,5,2,2781.0,22
213379210527,United States,iPhone,TipTop,2019-05-02 22:09:00,2019-05-02 23:06:00,57,19,4,9872.0,40
327680359058,United States,PC,organic,2019-05-02 04:51:00,2019-05-02 05:07:00,16,5,2,2781.0,30
614740168132,United States,iPhone,organic,2019-05-02 21:55:00,2019-05-02 22:08:00,13,5,2,2781.0,49
627326523415,United States,Android,organic,2019-05-02 14:34:00,2019-05-02 14:51:00,17,5,2,2781.0,48
221842961701,United States,Mac,organic,2019-05-02 17:09:00,2019-05-02 17:26:00,17,5,2,2781.0,33
238255443220,United States,Mac,organic,2019-05-02 09:55:00,2019-05-02 10:50:00,55,19,4,9872.0,50
927823413821,United States,iPhone,organic,2019-05-02 18:47:00,2019-05-02 19:53:00,66,22,4,11310.0,38
813819644146,United States,Mac,organic,2019-05-02 17:48:00,2019-05-02 18:02:00,14,5,2,2781.0,38
25586955627,United States,PC,organic,2019-05-02 13:55:00,2019-05-02 14:12:00,17,5,2,2781.0,38
174581195170,United States,Mac,organic,2019-05-02 03:37:00,2019-05-02 04:00:00,23,8,3,4411.0,24
431648587600,United States,Mac,organic,2019-05-02 08:48:00,2019-05-02 09:44:00,56,19,4,9872.0,60
355761474010,United States,iPhone,organic,2019-05-02 17:33:00,2019-05-02 17:46:00,13,5,2,2781.0,45
700534996463,United States,iPhone,TipTop,2019-05-02 08:27:00,2019-05-02 09:07:00,40,14,3,7284.0,51
331972762210,United States,Android,FaceBoom,2019-05-02 11:20:00,2019-05-02 11:36:00,16,5,2,2781.0,38
150118026206,United States,Mac,organic,2019-05-02 13:10:00,2019-05-02 13:39:00,29,10,3,5369.0,38
172991619815,United States,Mac,MediaTornado,2019-05-02 10:26:00,2019-05-02 10:40:00,14,5,2,2781.0,50
350235853322,United States,iPhone,organic,2019-05-02 23:42:00,2019-05-02 23:56:00,14,5,2,2781.0,21
353725123625,United States,Android,TipTop,2019-05-02 08:24:00,2019-05-02 08:49:00,25,8,3,4411.0,47
557554672821,United States,iPhone,TipTop,2019-05-02 01:52:00,2019-05-02 02:34:00,42,14,3,7284.0,37
396403498890,United States,Android,organic,2019-05-02 18:20:00,2019-05-02 18:37:00,17,5,2,2781.0,37
931935743840,United States,iPhone,organic,2019-05-02 15:27:00,2019-05-02 16:30:00,63,22,4,11310.0,51
414095973733,United States,iPhone,FaceBoom,2019-05-02 10:26:00,2019-05-02 10:43:00,17,5,2,2781.0,50
929408648749,United States,Android,organic,2019-05-02 05:50:00,2019-05-02 07:29:00,99,34,7,17636.0,49
110865119989,United States,Android,organic,2019-05-02 00:51:00,2019-05-02 01:36:00,45,15,3,7764.0,60
229427452419,United States,Mac,FaceBoom,2019-05-02 23:15:00,2019-05-02 23:43:00,28,10,3,5369.0,31
630970140707,United States,iPhone,organic,2019-05-02 05:18:00,2019-05-02 05:35:00,17,5,2,2781.0,34
808504763381,United States,iPhone,organic,2019-05-02 18:41:00,2019-05-02 19:07:00,26,9,3,4889.0,54
686572780536,United States,Mac,organic,2019-05-02 16:25:00,2019-05-02 17:07:00,42,14,3,7284.0,35
25732375218,United States,Android,organic,2019-05-02 14:22:00,2019-05-02 14:36:00,14,5,2,2781.0,51
612902101251,United States,iPhone,organic,2019-05-02 09:55:00,2019-05-02 11:26:00,91,31,6,16006.0,41
317750896293,United States,PC,TipTop,2019-05-02 21:16:00,2019-05-02 21:39:00,23,8,3,4411.0,55
881948329001,United States,Mac,organic,2019-05-02 23:37:00,2019-05-02 23:51:00,14,5,2,2781.0,36
998513020664,United States,iPhone,organic,2019-05-02 05:02:00,2019-05-02 06:07:00,65,22,4,11310.0,43
869845223867,United States,iPhone,organic,2019-05-02 00:33:00,2019-05-02 00:47:00,14,5,2,2781.0,50
852898876338,United States,Mac,organic,2019-05-02 08:17:00,2019-05-02 08:30:00,13,5,2,2781.0,65
678936610986,United States,Android,organic,2019-05-02 22:41:00,2019-05-02 22:54:00,13,5,2,2781.0,10
763901358434,United States,iPhone,FaceBoom,2019-05-02 22:44:00,2019-05-02 22:58:00,14,5,2,2781.0,29
985668657784,United States,Android,organic,2019-05-02 03:03:00,2019-05-02 03:46:00,43,15,3,7764.0,50
841689865249,United States,PC,organic,2019-05-02 12:36:00,2019-05-02 13:36:00,60,20,4,10352.0,50
23288059743,United States,iPhone,organic,2019-05-02 04:30:00,2019-05-02 05:12:00,42,14,3,7284.0,57
744624457965,United States,PC,organic,2019-05-02 17:26:00,2019-05-02 17:40:00,14,5,2,2781.0,45
543406601872,United States,iPhone,TipTop,2019-05-02 09:30:00,2019-05-02 09:45:00,15,5,2,2781.0,28
907274252287,United States,iPhone,TipTop,2019-05-02 01:15:00,2019-05-02 01:52:00,37,12,3,6327.0,36
711033199052,United States,iPhone,organic,2019-05-02 03:36:00,2019-05-02 04:46:00,70,24,5,12460.0,37
488255862804,United States,Android,TipTop,2019-05-02 20:57:00,2019-05-02 21:12:00,15,5,2,2781.0,48
205180906195,United States,PC,organic,2019-05-02 14:20:00,2019-05-02 14:33:00,13,5,2,2781.0,23
155076636505,United States,iPhone,FaceBoom,2019-05-02 19:48:00,2019-05-02 20:56:00,68,23,5,11982.0,18
59058997486,United States,iPhone,organic,2019-05-02 05:38:00,2019-05-02 05:55:00,17,5,2,2781.0,13
32302092319,United States,iPhone,FaceBoom,2019-05-02 16:46:00,2019-05-02 16:59:00,13,5,2,2781.0,23
759455956757,United States,iPhone,organic,2019-05-02 21:52:00,2019-05-02 22:41:00,49,17,3,8722.0,47
482867495306,United States,iPhone,organic,2019-05-02 02:02:00,2019-05-02 02:32:00,30,10,3,5369.0,40
683323932606,United States,iPhone,FaceBoom,2019-05-02 04:04:00,2019-05-02 04:21:00,17,5,2,2781.0,30
650269084690,United States,iPhone,organic,2019-05-02 11:17:00,2019-05-02 11:40:00,23,8,3,4411.0,49
933016769344,United States,Android,MediaTornado,2019-05-02 14:41:00,2019-05-02 14:54:00,13,5,2,2781.0,42
533344821589,United States,iPhone,organic,2019-05-02 18:37:00,2019-05-02 18:54:00,17,5,2,2781.0,35
103677291144,United States,Mac,organic,2019-05-02 17:04:00,2019-05-02 17:33:00,29,10,3,5369.0,48
942237232209,United States,iPhone,organic,2019-05-02 09:40:00,2019-05-02 10:40:00,60,20,4,10352.0,39
515414286077,United States,Android,MediaTornado,2019-05-02 11:34:00,2019-05-02 12:39:00,65,22,4,11310.0,56
371925322116,United States,iPhone,organic,2019-05-02 18:17:00,2019-05-02 18:32:00,15,5,2,2781.0,56
748577009560,United States,iPhone,organic,2019-05-02 21:21:00,2019-05-02 22:38:00,77,26,5,13418.0,35
784450361673,United States,Android,organic,2019-05-02 09:06:00,2019-05-02 09:23:00,17,5,2,2781.0,47
972285827853,United States,iPhone,TipTop,2019-05-02 08:57:00,2019-05-02 09:14:00,17,5,2,2781.0,52
308230767458,United States,Android,organic,2019-05-02 07:32:00,2019-05-02 07:48:00,16,5,2,2781.0,60
832006302323,United States,Mac,organic,2019-05-02 23:26:00,2019-05-03 00:32:00,66,22,4,11310.0,43
943329172271,United States,Mac,organic,2019-05-02 09:55:00,2019-05-02 10:11:00,16,5,2,2781.0,30
682831730517,United States,iPhone,TipTop,2019-05-02 11:06:00,2019-05-02 11:58:00,52,17,3,8722.0,36
460978556137,United States,Mac,organic,2019-05-02 13:18:00,2019-05-02 13:34:00,16,5,2,2781.0,39
770275875154,United States,Mac,organic,2019-05-02 11:35:00,2019-05-02 12:10:00,35,12,3,6327.0,42
109843833662,United States,iPhone,FaceBoom,2019-05-02 08:15:00,2019-05-02 08:53:00,38,13,3,6806.0,50
499159390639,United States,iPhone,FaceBoom,2019-05-02 01:31:00,2019-05-02 01:57:00,26,9,3,4889.0,26
280533319629,United States,iPhone,organic,2019-05-03 15:10:00,2019-05-03 15:23:00,13,5,2,2781.0,53
385089417030,United States,iPhone,organic,2019-05-02 02:39:00,2019-05-02 03:42:00,63,22,4,11310.0,50
631281582293,United States,iPhone,organic,2019-05-02 08:11:00,2019-05-02 09:04:00,53,18,4,9394.0,53
414844422494,United States,Mac,FaceBoom,2019-05-03 13:28:00,2019-05-03 13:44:00,16,5,2,2781.0,53
297087836166,United States,iPhone,TipTop,2019-05-02 04:52:00,2019-05-02 05:40:00,48,17,3,8722.0,71
163781283147,United States,iPhone,organic,2019-05-02 09:40:00,2019-05-02 10:31:00,51,17,3,8722.0,51
758457736569,United States,iPhone,organic,2019-05-03 17:14:00,2019-05-03 17:30:00,16,5,2,2781.0,16
751932449724,United States,Mac,organic,2019-05-02 03:38:00,2019-05-02 04:21:00,43,15,3,7764.0,43
858215590167,United States,iPhone,organic,2019-05-02 18:48:00,2019-05-02 20:14:00,86,29,6,15048.0,58
176773216714,United States,Mac,FaceBoom,2019-05-03 03:03:00,2019-05-03 03:16:00,13,5,2,2781.0,21
765170403257,United States,iPhone,organic,2019-05-03 01:16:00,2019-05-03 01:30:00,14,5,2,2781.0,45
546810220683,United States,Mac,TipTop,2019-05-03 04:26:00,2019-05-03 04:40:00,14,5,2,2781.0,26
176959051255,United States,iPhone,organic,2019-05-02 17:48:00,2019-05-02 19:06:00,78,27,5,13897.0,30
2346324608,United States,Android,TipTop,2019-05-04 19:32:00,2019-05-04 19:48:00,16,5,2,2781.0,37
692718872746,United States,iPhone,TipTop,2019-05-02 00:55:00,2019-05-02 01:52:00,57,19,4,9872.0,46
337182715839,United States,iPhone,TipTop,2019-05-04 00:13:00,2019-05-04 00:26:00,13,5,2,2781.0,54
491388450802,United States,Android,FaceBoom,2019-05-04 03:33:00,2019-05-04 03:46:00,13,5,2,2781.0,38
133093681678,United States,iPhone,organic,2019-05-02 02:09:00,2019-05-02 02:40:00,31,10,3,5369.0,33
384456339120,United States,Mac,organic,2019-05-04 03:01:00,2019-05-04 03:15:00,14,5,2,2781.0,19
648200077236,United States,iPhone,organic,2019-05-02 02:20:00,2019-05-02 02:52:00,32,11,3,5847.0,35
185365244969,United States,Mac,TipTop,2019-05-01 04:39:00,2019-05-01 04:57:00,18,6,2,3260.0,32
724881085036,United States,iPhone,FaceBoom,2019-05-01 07:54:00,2019-05-01 08:12:00,18,6,2,3260.0,44
172991619815,United States,Mac,FaceBoom,2019-05-01 11:33:00,2019-05-01 11:51:00,18,6,2,3260.0,35
586499238627,United States,Mac,organic,2019-05-01 16:32:00,2019-05-01 16:50:00,18,6,2,3260.0,55
608835213891,United States,Mac,organic,2019-05-02 01:50:00,2019-05-02 02:16:00,26,9,3,4889.0,35
160941187397,United States,iPhone,organic,2019-05-01 17:38:00,2019-05-01 17:56:00,18,6,2,3260.0,27
232645811069,United States,Android,MediaTornado,2019-05-02 15:58:00,2019-05-02 16:21:00,23,8,3,4411.0,30
935133189111,United States,Mac,organic,2019-05-01 20:21:00,2019-05-01 20:39:00,18,6,2,3260.0,50
36887497860,United States,iPhone,TipTop,2019-05-02 08:14:00,2019-05-02 08:57:00,43,15,3,7764.0,49
963073723447,United States,Mac,organic,2019-05-01 00:18:00,2019-05-01 00:36:00,18,6,2,3260.0,41
653462760786,United States,iPhone,organic,2019-05-02 08:58:00,2019-05-02 09:43:00,45,15,3,7764.0,39
968223987665,United States,iPhone,TipTop,2019-05-01 14:25:00,2019-05-01 14:43:00,18,6,2,3260.0,32
210615724904,United States,Mac,FaceBoom,2019-05-02 10:41:00,2019-05-02 10:59:00,18,6,2,3260.0,29
36345234521,United States,iPhone,organic,2019-05-02 11:20:00,2019-05-02 11:52:00,32,11,3,5847.0,41
931816152398,United States,Mac,FaceBoom,2019-05-02 13:05:00,2019-05-02 13:23:00,18,6,2,3260.0,46
229993086655,United States,iPhone,organic,2019-05-02 05:41:00,2019-05-02 05:59:00,18,6,2,3260.0,23
316336063919,United States,Android,organic,2019-05-02 00:41:00,2019-05-02 01:04:00,23,8,3,4411.0,58
703837928748,United States,PC,organic,2019-05-02 17:50:00,2019-05-02 18:08:00,18,6,2,3260.0,20
326874986903,United States,Mac,organic,2019-05-02 16:42:00,2019-05-02 17:00:00,18,6,2,3260.0,38
532485546836,United States,iPhone,organic,2019-05-02 07:41:00,2019-05-02 08:15:00,34,12,3,6326.0,48
947128900376,United States,PC,organic,2019-05-02 10:12:00,2019-05-02 10:56:00,44,15,3,7764.0,43
276895975067,United States,Android,organic,2019-05-02 23:37:00,2019-05-02 23:55:00,18,6,2,3260.0,27
84799650366,United States,iPhone,MediaTornado,2019-05-02 03:54:00,2019-05-02 04:35:00,41,14,3,7284.0,59
44402090548,United States,iPhone,organic,2019-05-02 05:22:00,2019-05-02 06:19:00,57,19,4,9872.0,43
325963051404,United States,iPhone,organic,2019-05-02 17:35:00,2019-05-02 18:01:00,26,9,3,4889.0,46
997065722971,United States,iPhone,organic,2019-05-02 02:57:00,2019-05-02 03:15:00,18,6,2,3260.0,41
211227653978,United States,Mac,organic,2019-05-03 23:22:00,2019-05-03 23:40:00,18,6,2,3260.0,28
141837741427,United States,Unknown,MediaTornado,2019-05-01 01:59:00,2019-05-01 02:21:00,22,7,2,3739.0,34
728713380120,United States,Android,organic,2019-05-02 19:03:00,2019-05-02 19:33:00,30,10,3,5369.0,43
157877034671,United States,iPhone,TipTop,2019-05-01 01:51:00,2019-05-01 02:12:00,21,7,2,3739.0,50
524629398969,United States,iPhone,FaceBoom,2019-05-01 15:34:00,2019-05-01 15:56:00,22,7,2,3739.0,25
331972762210,United States,iPhone,TipTop,2019-05-01 00:09:00,2019-05-01 00:31:00,22,7,2,3739.0,24
182632440867,United States,iPhone,organic,2019-05-02 07:56:00,2019-05-02 08:42:00,46,15,3,7764.0,52
36896880072,United States,Android,organic,2019-05-01 11:23:00,2019-05-01 11:45:00,22,7,2,3739.0,45
321546106774,United States,Mac,organic,2019-05-02 06:11:00,2019-05-02 07:28:00,77,26,5,13418.0,45
652837831920,United States,iPhone,FaceBoom,2019-05-02 07:16:00,2019-05-02 08:14:00,58,20,4,10352.0,63
763233345611,United States,iPhone,organic,2019-05-01 14:12:00,2019-05-01 14:34:00,22,7,2,3739.0,59
115594123615,United States,Mac,organic,2019-05-02 22:44:00,2019-05-03 00:26:00,102,34,7,17636.0,36
427717866507,United States,Mac,TipTop,2019-05-01 14:50:00,2019-05-01 15:09:00,19,7,2,3739.0,36
7041371989,United States,Mac,organic,2019-05-01 19:01:00,2019-05-01 19:21:00,20,7,2,3739.0,40
34189933503,United States,iPhone,TipTop,2019-05-01 01:56:00,2019-05-01 02:15:00,19,7,2,3739.0,35
444773224507,United States,PC,organic,2019-05-01 06:20:00,2019-05-01 06:39:00,19,7,2,3739.0,35
862262209878,United States,iPhone,organic,2019-05-01 02:02:00,2019-05-01 02:23:00,21,7,2,3739.0,39
185942645210,United States,Android,organic,2019-05-02 21:06:00,2019-05-02 21:33:00,27,9,3,4889.0,62
857356470921,United States,Mac,organic,2019-05-01 06:55:00,2019-05-01 07:14:00,19,7,2,3739.0,46
399839633563,United States,iPhone,organic,2019-05-02 14:45:00,2019-05-02 15:09:00,24,8,3,4411.0,48
320530002460,United States,PC,organic,2019-05-02 16:53:00,2019-05-02 17:51:00,58,20,4,10352.0,44
626807144131,United States,Android,organic,2019-05-01 03:05:00,2019-05-01 03:27:00,22,7,2,3739.0,43
690714109227,United States,iPhone,TipTop,2019-05-02 20:02:00,2019-05-02 20:44:00,42,14,3,7284.0,27
970225426962,United States,Mac,organic,2019-05-01 07:27:00,2019-05-01 07:49:00,22,7,2,3739.0,64
695194949425,United States,iPhone,organic,2019-05-02 14:46:00,2019-05-02 15:22:00,36,12,3,6327.0,20
233510035515,United States,iPhone,organic,2019-05-02 02:41:00,2019-05-02 03:18:00,37,12,3,6327.0,55
74933624867,United States,iPhone,organic,2019-05-02 01:00:00,2019-05-02 01:54:00,54,18,4,9394.0,31
914062168985,United States,Mac,organic,2019-05-01 23:06:00,2019-05-01 23:25:00,19,7,2,3739.0,35
67486407139,United States,Mac,FaceBoom,2019-05-01 02:51:00,2019-05-01 03:10:00,19,7,2,3739.0,24
769669137453,United States,iPhone,organic,2019-05-01 05:59:00,2019-05-01 06:18:00,19,7,2,3739.0,39
781680936651,United States,iPhone,TipTop,2019-05-01 13:00:00,2019-05-01 13:22:00,22,7,2,3739.0,29
240702200943,United States,iPhone,FaceBoom,2019-05-02 10:42:00,2019-05-02 11:30:00,48,17,3,8722.0,48
165506868592,United States,Android,organic,2019-05-02 13:17:00,2019-05-02 15:01:00,104,35,7,18116.0,33
967708279629,United States,iPhone,organic,2019-05-02 04:41:00,2019-05-02 05:32:00,51,17,3,8722.0,54
129463314840,United States,Android,organic,2019-05-02 01:22:00,2019-05-02 02:40:00,78,27,5,13897.0,27
946007369560,United States,iPhone,FaceBoom,2019-05-02 14:03:00,2019-05-02 15:03:00,60,20,4,10352.0,37
103491908070,United States,iPhone,organic,2019-05-01 20:27:00,2019-05-01 20:46:00,19,7,2,3739.0,26
489517491267,United States,iPhone,organic,2019-05-02 18:59:00,2019-05-02 20:13:00,74,25,5,12940.0,57
423782380150,United States,Android,FaceBoom,2019-05-01 03:20:00,2019-05-01 03:40:00,20,7,2,3739.0,30
434198630691,United States,iPhone,organic,2019-05-01 11:07:00,2019-05-01 11:27:00,20,7,2,3739.0,22
487311796183,United States,Mac,organic,2019-05-01 06:52:00,2019-05-01 07:12:00,20,7,2,3739.0,37
747890662195,United States,PC,organic,2019-05-02 09:19:00,2019-05-02 10:12:00,53,18,4,9394.0,37
186030781350,United States,PC,organic,2019-05-01 01:49:00,2019-05-01 02:08:00,19,7,2,3739.0,31
906051170954,United States,Mac,organic,2019-05-02 21:15:00,2019-05-02 21:42:00,27,9,3,4889.0,49
665508659707,United States,Android,organic,2019-05-01 00:14:00,2019-05-01 00:36:00,22,7,2,3739.0,42
922134154116,United States,iPhone,MediaTornado,2019-05-02 10:53:00,2019-05-02 11:29:00,36,12,3,6327.0,54
114265844720,United States,iPhone,TipTop,2019-05-01 19:26:00,2019-05-01 19:45:00,19,7,2,3739.0,30
371096652431,United States,iPhone,organic,2019-05-03 07:58:00,2019-05-03 09:00:00,62,21,4,10830.0,59
20113809617,United States,Android,FaceBoom,2019-05-01 03:56:00,2019-05-01 04:18:00,22,7,2,3739.0,11
431648587600,United States,iPhone,organic,2019-05-01 23:33:00,2019-05-01 23:55:00,22,7,2,3739.0,40
264651041337,United States,Mac,organic,2019-05-03 04:30:00,2019-05-03 05:27:00,57,19,4,9872.0,29
429896003684,United States,iPhone,organic,2019-05-03 17:31:00,2019-05-03 17:59:00,28,10,3,5369.0,34
477608383424,United States,iPhone,organic,2019-05-03 02:58:00,2019-05-03 03:28:00,30,10,3,5369.0,50
530805337839,United States,Mac,TipTop,2019-05-03 23:28:00,2019-05-03 23:56:00,28,10,3,5369.0,57
230020740838,United States,Mac,organic,2019-05-01 14:33:00,2019-05-01 14:52:00,19,7,2,3739.0,29
696427790136,United States,iPhone,FaceBoom,2019-05-03 17:08:00,2019-05-03 18:21:00,73,25,5,12940.0,36
841448444550,United States,Android,TipTop,2019-05-02 16:59:00,2019-05-02 17:20:00,21,7,2,3739.0,54
557554672821,United States,Android,organic,2019-05-02 21:39:00,2019-05-02 22:01:00,22,7,2,3739.0,54
861181038122,United States,Android,organic,2019-05-02 12:11:00,2019-05-02 12:33:00,22,7,2,3739.0,41
521456322915,United States,iPhone,organic,2019-05-02 13:18:00,2019-05-02 13:38:00,20,7,2,3739.0,26
71310958837,United States,iPhone,organic,2019-05-03 18:58:00,2019-05-03 19:23:00,25,8,3,4411.0,30
216707928845,United States,iPhone,organic,2019-05-02 20:16:00,2019-05-02 20:38:00,22,7,2,3739.0,45
297179963287,United States,PC,organic,2019-05-02 08:37:00,2019-05-02 08:58:00,21,7,2,3739.0,15
229766500352,United States,iPhone,organic,2019-05-02 22:28:00,2019-05-02 22:48:00,20,7,2,3739.0,23
924394269861,United States,Android,organic,2019-05-03 23:21:00,2019-05-04 00:09:00,48,17,3,8722.0,15
249777752666,United States,iPhone,organic,2019-05-02 06:43:00,2019-05-02 07:03:00,20,7,2,3739.0,39
785831685491,United States,iPhone,TipTop,2019-05-02 04:24:00,2019-05-02 04:46:00,22,7,2,3739.0,33
507854873477,United States,Mac,organic,2019-05-02 12:48:00,2019-05-02 13:08:00,20,7,2,3739.0,63
197763072517,United States,Android,organic,2019-05-03 01:11:00,2019-05-03 02:46:00,95,32,6,16486.0,47
45476599272,United States,Android,FaceBoom,2019-05-03 03:03:00,2019-05-03 03:40:00,37,12,3,6327.0,60
426072091220,United States,PC,organic,2019-05-02 01:57:00,2019-05-02 02:16:00,19,7,2,3739.0,51
783756760096,United States,iPhone,organic,2019-05-03 16:07:00,2019-05-03 17:25:00,78,27,5,13897.0,20
663154397329,United States,iPhone,TipTop,2019-05-03 23:00:00,2019-05-03 23:41:00,41,14,3,7284.0,46
339982906129,United States,Android,FaceBoom,2019-05-02 20:08:00,2019-05-02 20:30:00,22,7,2,3739.0,64
878248716994,United States,PC,organic,2019-05-02 13:33:00,2019-05-02 13:53:00,20,7,2,3739.0,40
929744807312,United States,iPhone,TipTop,2019-05-03 14:45:00,2019-05-03 15:28:00,43,15,3,7764.0,51
567063005395,United States,iPhone,MediaTornado,2019-05-03 04:42:00,2019-05-03 05:17:00,35,12,3,6327.0,51
120525888195,United States,Android,TipTop,2019-05-03 09:41:00,2019-05-03 10:37:00,56,19,4,9872.0,25
847069064465,United States,PC,FaceBoom,2019-05-02 18:45:00,2019-05-02 19:05:00,20,7,2,3739.0,21
959109335666,United States,iPhone,organic,2019-05-03 12:01:00,2019-05-03 12:41:00,40,14,3,7284.0,40
860709894866,United States,iPhone,organic,2019-05-03 18:50:00,2019-05-03 19:15:00,25,8,3,4411.0,52
91707550199,United States,Mac,organic,2019-05-03 06:45:00,2019-05-03 07:54:00,69,24,5,12460.0,47
216378607623,United States,iPhone,organic,2019-05-03 19:21:00,2019-05-03 21:23:00,122,41,7,20989.0,29
81585546993,United States,iPhone,organic,2019-05-02 12:49:00,2019-05-02 13:10:00,21,7,2,3739.0,37
529887371748,United States,Mac,organic,2019-05-03 12:52:00,2019-05-03 13:59:00,67,22,4,11310.0,25
501990835449,United States,Mac,organic,2019-05-02 17:13:00,2019-05-02 17:33:00,20,7,2,3739.0,33
784328289169,United States,iPhone,FaceBoom,2019-05-02 03:18:00,2019-05-02 03:40:00,22,7,2,3739.0,31
83512036139,United States,iPhone,FaceBoom,2019-05-03 10:55:00,2019-05-03 11:39:00,44,15,3,7764.0,53
726578281079,United States,Mac,organic,2019-05-03 15:50:00,2019-05-03 16:34:00,44,15,3,7764.0,48
954136696753,United States,Mac,organic,2019-05-01 07:27:00,2019-05-01 07:49:00,22,7,2,3739.0,36
529697267522,United States,Mac,organic,2019-05-01 07:27:00,2019-05-01 07:49:00,22,7,2,3739.0,33
471280094470,United States,PC,organic,2019-05-03 17:18:00,2019-05-03 17:50:00,32,11,3,5847.0,23
284337281070,United States,iPhone,organic,2019-05-03 08:33:00,2019-05-03 09:15:00,42,14,3,7284.0,40
243642178768,United States,Android,organic,2019-05-03 15:02:00,2019-05-03 15:36:00,34,12,3,6326.0,26
697652307672,United States,iPhone,MediaTornado,2019-05-03 23:31:00,2019-05-04 00:08:00,37,12,3,6327.0,62
265696162863,United States,iPhone,FaceBoom,2019-05-02 02:19:00,2019-05-02 02:40:00,21,7,2,3739.0,28
105692369349,United States,iPhone,organic,2019-05-02 17:08:00,2019-05-02 17:30:00,22,7,2,3739.0,48
207095667335,United States,iPhone,TipTop,2019-05-03 07:49:00,2019-05-03 08:16:00,27,9,3,4889.0,41
471696964639,United States,Android,organic,2019-05-02 19:01:00,2019-05-02 19:22:00,21,7,2,3739.0,56
133093681678,United States,Android,organic,2019-05-02 17:27:00,2019-05-02 17:48:00,21,7,2,3739.0,29
763388948404,United States,iPhone,FaceBoom,2019-05-02 23:44:00,2019-05-03 00:04:00,20,7,2,3739.0,32
798247453644,United States,Android,organic,2019-05-03 02:53:00,2019-05-03 03:20:00,27,9,3,4889.0,29
861333983923,United States,Mac,MediaTornado,2019-05-03 12:09:00,2019-05-03 12:32:00,23,8,3,4411.0,30
112115982923,United States,iPhone,organic,2019-05-03 14:36:00,2019-05-03 15:03:00,27,9,3,4889.0,30
860476078548,United States,PC,organic,2019-05-03 00:42:00,2019-05-03 01:32:00,50,17,3,8722.0,39
820380982279,United States,iPhone,organic,2019-05-03 05:49:00,2019-05-03 06:17:00,28,10,3,5369.0,57
48831405665,United States,iPhone,organic,2019-05-03 14:11:00,2019-05-03 16:04:00,113,39,7,20031.0,36
232645811069,United States,PC,organic,2019-05-02 23:48:00,2019-05-03 00:07:00,19,7,2,3739.0,45
512250654369,United States,Mac,FaceBoom,2019-05-02 14:21:00,2019-05-02 14:40:00,19,7,2,3739.0,16
174361394180,United States,Mac,organic,2019-05-02 17:25:00,2019-05-02 17:47:00,22,7,2,3739.0,55
928482821528,United States,Mac,organic,2019-05-02 00:39:00,2019-05-02 00:59:00,20,7,2,3739.0,58
857783507893,United States,PC,organic,2019-05-03 12:59:00,2019-05-03 13:33:00,34,12,3,6326.0,23
778027854258,United States,iPhone,FaceBoom,2019-05-02 18:57:00,2019-05-02 19:17:00,20,7,2,3739.0,37
454223140723,United States,Mac,MediaTornado,2019-05-03 20:33:00,2019-05-03 21:26:00,53,18,4,9394.0,37
691373096764,United States,iPhone,organic,2019-05-03 20:15:00,2019-05-03 20:46:00,31,10,3,5369.0,54
247711587674,United States,iPhone,organic,2019-05-03 06:37:00,2019-05-03 08:15:00,98,34,7,17636.0,40
266796485208,United States,iPhone,TipTop,2019-05-02 05:59:00,2019-05-02 06:18:00,19,7,2,3739.0,28
33606575057,United States,iPhone,FaceBoom,2019-05-03 03:44:00,2019-05-03 05:11:00,87,29,6,15048.0,17
5400720363,United States,Android,organic,2019-05-02 12:05:00,2019-05-02 12:27:00,22,7,2,3739.0,31
134726461643,United States,iPhone,MediaTornado,2019-05-02 15:14:00,2019-05-02 15:33:00,19,7,2,3739.0,24
423782380150,United States,PC,organic,2019-05-02 11:59:00,2019-05-02 12:19:00,20,7,2,3739.0,29
445724754149,United States,Android,organic,2019-05-03 18:54:00,2019-05-03 19:29:00,35,12,3,6327.0,24
599422537839,United States,Mac,FaceBoom,2019-05-02 13:43:00,2019-05-02 14:04:00,21,7,2,3739.0,51
873134266246,United States,Mac,organic,2019-05-03 01:32:00,2019-05-03 02:02:00,30,10,3,5369.0,48
509503648515,United States,Android,organic,2019-05-03 05:57:00,2019-05-03 07:22:00,85,29,6,15048.0,66
576352706724,United States,Mac,organic,2019-05-03 22:18:00,2019-05-03 22:56:00,38,13,3,6806.0,36
997723904855,United States,iPhone,organic,2019-05-02 13:55:00,2019-05-02 14:14:00,19,7,2,3739.0,30
954277860460,United States,iPhone,TipTop,2019-05-02 16:39:00,2019-05-02 16:59:00,20,7,2,3739.0,44
766038695189,United States,iPhone,FaceBoom,2019-05-03 22:38:00,2019-05-03 23:09:00,31,10,3,5369.0,43
661889067101,United States,Mac,organic,2019-05-03 08:59:00,2019-05-03 11:33:00,154,52,9,26644.0,29
692072441061,United States,Mac,FaceBoom,2019-05-03 16:31:00,2019-05-03 18:11:00,100,34,7,17636.0,21
784328289169,United States,iPhone,organic,2019-05-02 03:28:00,2019-05-02 03:49:00,21,7,2,3739.0,31
214110726955,United States,Mac,organic,2019-05-02 00:53:00,2019-05-02 01:14:00,21,7,2,3739.0,31
825019309980,United States,Mac,organic,2019-05-02 09:19:00,2019-05-02 09:38:00,19,7,2,3739.0,51
744725408795,United States,Android,TipTop,2019-05-04 18:53:00,2019-05-04 19:24:00,31,10,3,5369.0,36
702823415116,United States,iPhone,FaceBoom,2019-05-04 14:27:00,2019-05-04 15:31:00,64,22,4,11310.0,35
154200549012,United States,iPhone,organic,2019-05-02 21:07:00,2019-05-02 21:29:00,22,7,2,3739.0,32
548096593486,United States,Mac,organic,2019-05-04 15:14:00,2019-05-04 16:48:00,94,32,6,16485.0,20
413984649219,United States,iPhone,FaceBoom,2019-05-02 15:33:00,2019-05-02 15:54:00,21,7,2,3739.0,11
163990482939,United States,iPhone,FaceBoom,2019-05-04 21:39:00,2019-05-04 23:19:00,100,34,7,17636.0,21
815797408685,United States,PC,organic,2019-05-02 14:48:00,2019-05-02 15:10:00,22,7,2,3739.0,65
717924290376,United States,PC,organic,2019-05-04 10:53:00,2019-05-04 11:36:00,43,15,3,7764.0,66
621759989666,United States,iPhone,organic,2019-05-03 03:13:00,2019-05-03 03:33:00,20,7,2,3739.0,33
159471803772,United States,iPhone,organic,2019-05-04 00:24:00,2019-05-04 00:58:00,34,12,3,6326.0,47
917992220173,United States,Android,organic,2019-05-03 23:17:00,2019-05-03 23:37:00,20,7,2,3739.0,46
977891886135,United States,Android,organic,2019-05-03 03:26:00,2019-05-03 03:46:00,20,7,2,3739.0,56
302414975073,United States,Android,TipTop,2019-05-04 05:26:00,2019-05-04 06:19:00,53,18,4,9394.0,20
579579190220,United States,Android,TipTop,2019-05-04 17:42:00,2019-05-04 18:06:00,24,8,3,4411.0,62
405931746536,United States,Mac,organic,2019-05-03 08:51:00,2019-05-03 09:11:00,20,7,2,3739.0,34
856975653366,United States,iPhone,organic,2019-05-03 04:24:00,2019-05-03 04:45:00,21,7,2,3739.0,22
510919926079,United States,Mac,organic,2019-05-03 02:47:00,2019-05-03 03:07:00,20,7,2,3739.0,41
531513927329,United States,Mac,organic,2019-05-04 13:48:00,2019-05-04 14:08:00,20,7,2,3739.0,53
136097633625,United States,Android,TipTop,2019-05-04 16:42:00,2019-05-04 17:01:00,19,7,2,3739.0,30
